model_type,current_condition,selected_debate_id,pro_count,anti_count,convergence_rate,confidence_threshold,repulsion_threshold,repulsion_strength,use_distinct_agents,convergence_rate_sd,confidence_threshold_sd,repulsion_threshold_sd,repulsion_strength_sd,seed,convergence_cycle,speaking_mode,initial_variance,mae,opinion_variance,polarization_index,num_clusters,initial_num_clusters,neutral_zone_width,mean_net_repulsion_abs
consensus,heterogeneous,22,2,2,0.1,0.6,0.6,0.1,false,0.1,0.1,0.3,0.05,5091642889372354600.0,50,true,0.0,0.11582453393426408,0.00015353555144443,0.00008953521072327,1,3,0.0,0.0
consensus,heterogeneous,22,2,2,0.1,0.6,0.6,0.1,false,0.1,0.1,0.3,0.05,6579312008936010800.0,55,true,0.0,0.12024863618690239,0.00009192740613612,0.00005360803802251,1,3,0.0,0.0
consensus,heterogeneous,22,2,2,0.1,0.6,0.6,0.1,false,0.1,0.1,0.3,0.05,618952398593468420.0,60,true,0.0,0.12095070925742045,0.00005504033378206,0.00003209711260417,1,3,0.0,0.0
consensus,heterogeneous,22,2,2,0.1,0.6,0.6,0.1,false,0.1,0.1,0.3,0.05,7961064913231669200.0,65,true,0.0,0.1256355952697622,0.00003295468098333,0.00001921772695901,1,3,0.0,0.0
consensus,heterogeneous,22,2,2,0.1,0.6,0.6,0.1,false,0.1,0.1,0.3,0.05,3446611970898041900.0,55,true,0.0,0.12312973897240274,0.00009192740613612,0.00005360803802251,1,3,0.0,0.0
consensus,heterogeneous,22,2,2,0.1,0.6,0.6,0.1,false,0.1,0.1,0.3,0.05,8810525594210242600.0,55,true,0.0,0.11817464185735634,0.00009192740613612,0.00005360803802251,1,3,0.0,0.0
consensus,heterogeneous,22,2,2,0.1,0.6,0.6,0.1,false,0.1,0.1,0.3,0.05,456152218367926270.0,55,true,0.0,0.11716848041104526,0.00009192740613612,0.00005360803802251,1,3,0.0,0.0
consensus,heterogeneous,22,2,2,0.1,0.6,0.6,0.1,false,0.1,0.1,0.3,0.05,2628232465145449500.0,55,true,0.0,0.11716848041104526,0.00009192740613612,0.00005360803802251,1,3,0.0,0.0
consensus,heterogeneous,22,2,2,0.1,0.6,0.6,0.1,false,0.1,0.1,0.3,0.05,1678023918209180670.0,50,true,0.0,0.12274814983720823,0.00015353555144444,0.00008953521072327,2,3,0.0,0.0
consensus,heterogeneous,22,2,2,0.1,0.6,0.6,0.1,false,0.1,0.1,0.3,0.05,882452717080495100.0,50,true,0.0,0.11504808026866438,0.00015353555144443,0.00008953521072327,1,3,0.0,0.0
consensus,heterogeneous,22,2,2,0.1,0.6,0.6,0.1,false,0.1,0.1,0.3,0.05,6604969221076703200.0,55,true,0.0,0.11716848041104523,0.00009192740613612,0.00005360803802251,1,3,0.0,0.0
consensus,heterogeneous,22,2,2,0.1,0.6,0.6,0.1,false,0.1,0.1,0.3,0.05,1398760984851863550.0,55,true,0.0,0.11716848041104534,0.00009192740613612,0.00005360803802251,1,3,0.0,0.0
consensus,heterogeneous,22,2,2,0.1,0.6,0.6,0.1,false,0.1,0.1,0.3,0.05,5270796567387583500.0,50,true,0.0,0.12401485093894711,0.00015353555144443,0.00008953521072327,1,3,0.0,0.0
consensus,heterogeneous,22,2,2,0.1,0.6,0.6,0.1,false,0.1,0.1,0.3,0.05,5289628370080352300.0,50,true,0.0,0.11504808026866432,0.00015353555144443,0.00008953521072327,1,3,0.0,0.0
consensus,heterogeneous,22,2,2,0.1,0.6,0.6,0.1,false,0.1,0.1,0.3,0.05,6823390941497223200.0,65,true,0.0,0.12007876751230163,0.00003295468098333,0.00001921772695901,1,3,0.0,0.0
consensus,heterogeneous,15,2,2,0.2,0.5,0.5,0.1,false,0.1,0.0,0.2,0.1,6579312008936010800.0,35,true,0.0,0.15454608609759235,0.00001015011600375,0.00000677104572158,1,3,0.0,0.0
consensus,heterogeneous,15,2,2,0.2,0.5,0.5,0.1,false,0.1,0.0,0.2,0.1,7961064913231669200.0,35,true,0.0,0.1545460860975923,0.00001015011600375,0.00000677104572158,1,3,0.0,0.0
consensus,heterogeneous,15,2,2,0.2,0.5,0.5,0.1,false,0.1,0.0,0.2,0.1,5091642889372354600.0,35,true,0.0,0.15454608609759235,0.00001015011600375,0.00000677104572158,1,3,0.0,0.0
consensus,heterogeneous,15,2,2,0.2,0.5,0.5,0.1,false,0.1,0.0,0.2,0.1,618952398593468420.0,35,true,0.0,0.15454608609759235,0.00001015011600375,0.00000677104572158,1,3,0.0,0.0
consensus,heterogeneous,15,2,2,0.2,0.5,0.5,0.1,false,0.1,0.0,0.2,0.1,456152218367926270.0,35,true,0.0,0.1545460860975923,0.00001015011600376,0.00000677104572158,1,3,0.0,0.0
consensus,heterogeneous,15,2,2,0.2,0.5,0.5,0.1,false,0.1,0.0,0.2,0.1,3446611970898041900.0,35,true,0.0,0.1545460860975923,0.00001015011600375,0.00000677104572158,1,3,0.0,0.0
consensus,heterogeneous,15,2,2,0.2,0.5,0.5,0.1,false,0.1,0.0,0.2,0.1,2628232465145449500.0,35,true,0.0,0.15454608609759224,0.00001015011600376,0.00000677104572158,1,3,0.0,0.0
consensus,heterogeneous,15,2,2,0.2,0.5,0.5,0.1,false,0.1,0.0,0.2,0.1,8810525594210242600.0,35,true,0.0,0.1545460860975923,0.00001015011600376,0.00000677104572158,1,3,0.0,0.0
consensus,heterogeneous,15,2,2,0.2,0.5,0.5,0.1,false,0.1,0.0,0.2,0.1,1678023918209180670.0,35,true,0.0,0.15454608609759224,0.00001015011600376,0.00000677104572158,1,3,0.0,0.0
consensus,heterogeneous,15,2,2,0.2,0.5,0.5,0.1,false,0.1,0.0,0.2,0.1,6604969221076703200.0,35,true,0.0,0.1545460860975923,0.00001015011600376,0.00000677104572158,1,3,0.0,0.0
consensus,heterogeneous,15,2,2,0.2,0.5,0.5,0.1,false,0.1,0.0,0.2,0.1,882452717080495100.0,35,true,0.0,0.15454608609759235,0.00001015011600375,0.00000677104572158,1,3,0.0,0.0
consensus,heterogeneous,15,2,2,0.2,0.5,0.5,0.1,false,0.1,0.0,0.2,0.1,1398760984851863550.0,35,true,0.0,0.1545460860975923,0.00001015011600375,0.00000677104572158,2,3,0.0,0.0
consensus,heterogeneous,15,2,2,0.2,0.5,0.5,0.1,false,0.1,0.0,0.2,0.1,5270796567387583500.0,35,true,0.0,0.1545460860975923,0.00001015011600376,0.00000677104572158,2,3,0.0,0.0
consensus,heterogeneous,15,2,2,0.2,0.5,0.5,0.1,false,0.1,0.0,0.2,0.1,6823390941497223200.0,35,true,0.0,0.1545460860975923,0.00001015011600376,0.00000677104572158,1,3,0.0,0.0
consensus,heterogeneous,15,2,2,0.2,0.5,0.5,0.1,false,0.1,0.0,0.2,0.1,5289628370080352300.0,35,true,0.0,0.15454608609759235,0.00001015011600375,0.00000677104572158,1,3,0.0,0.0
consensus,heterogeneous,19,2,2,0.3,0.5,0.5,0.1,false,0.0,0.2,0.0,0.0,6579312008936010800.0,25,true,0.0,0.10362645249184765,0.00000409820984304,0.00000361832156592,1,3,0.0,0.0
consensus,heterogeneous,19,2,2,0.3,0.5,0.5,0.1,false,0.0,0.2,0.0,0.0,5091642889372354600.0,25,true,0.0,0.10362645249184765,0.00000409820984304,0.00000361832156592,1,3,0.0,0.0
consensus,heterogeneous,19,2,2,0.3,0.5,0.5,0.1,false,0.0,0.2,0.0,0.0,618952398593468420.0,25,true,0.0,0.10362645249184771,0.00000409820984304,0.00000361832156592,1,3,0.0,0.0
consensus,heterogeneous,19,2,2,0.3,0.5,0.5,0.1,false,0.0,0.2,0.0,0.0,7961064913231669200.0,25,true,0.0,0.10362645249184763,0.00000409820984304,0.00000361832156592,1,3,0.0,0.0
consensus,heterogeneous,19,2,2,0.3,0.5,0.5,0.1,false,0.0,0.2,0.0,0.0,3446611970898041900.0,25,true,0.0,0.11366039919488383,0.00000409820984304,0.00000361832156592,1,3,0.0,0.0
consensus,heterogeneous,19,2,2,0.3,0.5,0.5,0.1,false,0.0,0.2,0.0,0.0,2628232465145449500.0,25,true,0.0,0.10362645249184763,0.00000409820984304,0.00000361832156592,1,3,0.0,0.0
consensus,heterogeneous,19,2,2,0.3,0.5,0.5,0.1,false,0.0,0.2,0.0,0.0,456152218367926270.0,25,true,0.0,0.11077546009904979,0.00000409820984304,0.00000361832156592,1,3,0.0,0.0
consensus,heterogeneous,19,2,2,0.3,0.5,0.5,0.1,false,0.0,0.2,0.0,0.0,8810525594210242600.0,25,true,0.0,0.10362645249184765,0.00000409820984304,0.00000361832156592,1,3,0.0,0.0
consensus,heterogeneous,19,2,2,0.3,0.5,0.5,0.1,false,0.0,0.2,0.0,0.0,1678023918209180670.0,25,true,0.0,0.10362645249184771,0.00000409820984304,0.00000361832156592,2,3,0.0,0.0
consensus,heterogeneous,19,2,2,0.3,0.5,0.5,0.1,false,0.0,0.2,0.0,0.0,1398760984851863550.0,25,true,0.0,0.10362645249184765,0.00000409820984304,0.00000361832156592,1,3,0.0,0.0
consensus,heterogeneous,19,2,2,0.3,0.5,0.5,0.1,false,0.0,0.2,0.0,0.0,6604969221076703200.0,25,true,0.0,0.10362645249184768,0.00000409820984304,0.00000361832156592,1,3,0.0,0.0
consensus,heterogeneous,19,2,2,0.3,0.5,0.5,0.1,false,0.0,0.2,0.0,0.0,882452717080495100.0,25,true,0.0,0.10362645249184768,0.00000409820984304,0.00000361832156592,2,3,0.0,0.0
consensus,heterogeneous,19,2,2,0.3,0.5,0.5,0.1,false,0.0,0.2,0.0,0.0,5289628370080352300.0,25,true,0.0,0.10362645249184768,0.00000409820984304,0.00000361832156592,1,3,0.0,0.0
consensus,heterogeneous,19,2,2,0.3,0.5,0.5,0.1,false,0.0,0.2,0.0,0.0,5270796567387583500.0,25,true,0.0,0.10362645249184765,0.00000409820984304,0.00000361832156592,2,3,0.0,0.0
consensus,heterogeneous,19,2,2,0.3,0.5,0.5,0.1,false,0.0,0.2,0.0,0.0,6823390941497223200.0,25,true,0.0,0.1036264524918476,0.00000409820984304,0.00000361832156592,1,3,0.0,0.0
consensus,homogeneous,29,0,4,0.1,0.6,0.2,0.1,false,0.0,0.3,0.2,0.1,7961064913231669200.0,40,true,0.0,0.05757995485383284,0.00006113237855057,0.00004565934902246,1,2,-0.39999999999999997,0.0
consensus,homogeneous,29,0,4,0.1,0.6,0.2,0.1,false,0.0,0.3,0.2,0.1,6579312008936010800.0,45,true,0.0,0.05908570428220786,0.00003660221322173,0.00002733793888132,1,2,-0.39999999999999997,0.0
consensus,homogeneous,29,0,4,0.1,0.6,0.2,0.1,false,0.0,0.3,0.2,0.1,5091642889372354600.0,45,true,0.0,0.05908570428220783,0.00003660221322173,0.00002733793888132,1,2,-0.39999999999999997,0.0
consensus,homogeneous,29,0,4,0.1,0.6,0.2,0.1,false,0.0,0.3,0.2,0.1,618952398593468420.0,45,true,0.0,0.05908570428220783,0.00003660221322173,0.00002733793888133,1,2,-0.39999999999999997,0.0
consensus,homogeneous,29,0,4,0.1,0.6,0.2,0.1,false,0.0,0.3,0.2,0.1,3446611970898041900.0,35,true,0.0,0.05563399139647514,0.00010210223312485,0.00007625944890012,1,2,-0.39999999999999997,0.0
consensus,homogeneous,29,0,4,0.1,0.6,0.2,0.1,false,0.0,0.3,0.2,0.1,456152218367926270.0,40,true,0.0,0.05757995485383284,0.00006113237855057,0.00004565934902246,1,2,-0.39999999999999997,0.0
consensus,homogeneous,29,0,4,0.1,0.6,0.2,0.1,false,0.0,0.3,0.2,0.1,8810525594210242600.0,45,true,0.0,0.05908570428220783,0.00003660221322173,0.00002733793888133,1,2,-0.39999999999999997,0.0
consensus,homogeneous,29,0,4,0.1,0.6,0.2,0.1,false,0.0,0.3,0.2,0.1,2628232465145449500.0,45,true,0.0,0.05908570428220782,0.00003660221322173,0.00002733793888132,1,2,-0.39999999999999997,0.0
consensus,homogeneous,29,0,4,0.1,0.6,0.2,0.1,false,0.0,0.3,0.2,0.1,882452717080495100.0,35,true,0.0,0.05563399139647508,0.00010210223312485,0.00007625944890012,1,2,-0.39999999999999997,0.0
consensus,homogeneous,29,0,4,0.1,0.6,0.2,0.1,false,0.0,0.3,0.2,0.1,1678023918209180670.0,35,true,0.0,0.05563399139647514,0.00010210223312485,0.00007625944890012,1,2,-0.39999999999999997,0.0
consensus,homogeneous,29,0,4,0.1,0.6,0.2,0.1,false,0.0,0.3,0.2,0.1,6604969221076703200.0,45,true,0.0,0.05908570428220782,0.00003660221322173,0.00002733793888133,1,2,-0.39999999999999997,0.0
consensus,homogeneous,29,0,4,0.1,0.6,0.2,0.1,false,0.0,0.3,0.2,0.1,1398760984851863550.0,45,true,0.0,0.05908570428220786,0.00003660221322173,0.00002733793888132,1,2,-0.39999999999999997,0.0
consensus,homogeneous,29,0,4,0.1,0.6,0.2,0.1,false,0.0,0.3,0.2,0.1,5270796567387583500.0,40,true,0.0,0.05757995485383284,0.00006113237855057,0.00004565934902246,1,2,-0.39999999999999997,0.0
consensus,homogeneous,29,0,4,0.1,0.6,0.2,0.1,false,0.0,0.3,0.2,0.1,5289628370080352300.0,45,true,0.0,0.05908570428220782,0.00003660221322173,0.00002733793888133,1,2,-0.39999999999999997,0.0
consensus,homogeneous,29,0,4,0.1,0.6,0.2,0.1,false,0.0,0.3,0.2,0.1,6823390941497223200.0,45,true,0.0,0.05908570428220786,0.00003660221322173,0.00002733793888133,1,2,-0.39999999999999997,0.0
consensus,heterogeneous,8,3,4,0.1,0.6,0.0,0.3,false,0.1,0.3,0.2,0.2,7961064913231669200.0,50,true,0.0,0.09771697273909621,0.00007445418787537,0.00005623231281013,1,4,-0.6,3.4285714285714284
consensus,heterogeneous,8,3,4,0.1,0.6,0.0,0.3,false,0.1,0.3,0.2,0.2,6579312008936010800.0,50,true,0.0,0.0989125132065849,0.00007445418787537,0.00005623231281013,1,4,-0.6,3.4285714285714284
consensus,heterogeneous,8,3,4,0.1,0.6,0.0,0.3,false,0.1,0.3,0.2,0.2,618952398593468420.0,55,true,0.0,0.0970861477288683,0.00004457847256198,0.00003366836285823,1,4,-0.6,3.4285714285714284
consensus,heterogeneous,8,3,4,0.1,0.6,0.0,0.3,false,0.1,0.3,0.2,0.2,5091642889372354600.0,55,true,0.0,0.10024992202269212,0.00004457847256198,0.00003366836285823,1,4,-0.6,3.4285714285714284
consensus,heterogeneous,8,3,4,0.1,0.6,0.0,0.3,false,0.1,0.3,0.2,0.2,8810525594210242600.0,50,true,0.0,0.09947749848620213,0.00007445418787537,0.00005623231281013,1,4,-0.6,3.4285714285714284
consensus,heterogeneous,8,3,4,0.1,0.6,0.0,0.3,false,0.1,0.3,0.2,0.2,456152218367926270.0,55,true,0.0,0.0982158611054704,0.00004457847256198,0.00003366836285823,1,4,-0.6,3.4285714285714284
consensus,heterogeneous,8,3,4,0.1,0.6,0.0,0.3,false,0.1,0.3,0.2,0.2,3446611970898041900.0,55,true,0.0,0.09686928348487327,0.00004457847256198,0.00003366836285823,1,4,-0.6,3.4285714285714284
consensus,heterogeneous,8,3,4,0.1,0.6,0.0,0.3,false,0.1,0.3,0.2,0.2,2628232465145449500.0,55,true,0.0,0.09970704335178818,0.00004457847256198,0.00003366836285823,1,4,-0.6,3.4285714285714284
consensus,heterogeneous,8,3,4,0.1,0.6,0.0,0.3,false,0.1,0.3,0.2,0.2,1678023918209180670.0,50,true,0.0,0.09598160936540809,0.00007445418787537,0.00005623231281013,1,4,-0.6,3.4285714285714284
consensus,heterogeneous,8,3,4,0.1,0.6,0.0,0.3,false,0.1,0.3,0.2,0.2,6604969221076703200.0,50,true,0.0,0.0971660972210292,0.00007445418787537,0.00005623231281013,1,4,-0.6,3.4285714285714284
consensus,heterogeneous,8,3,4,0.1,0.6,0.0,0.3,false,0.1,0.3,0.2,0.2,1398760984851863550.0,55,true,0.0,0.09897874982548693,0.00004457847256198,0.00003366836285823,1,4,-0.6,3.4285714285714284
consensus,heterogeneous,8,3,4,0.1,0.6,0.0,0.3,false,0.1,0.3,0.2,0.2,882452717080495100.0,55,true,0.0,0.09871792604967687,0.00004457847256198,0.00003366836285823,1,4,-0.6,3.4285714285714284
consensus,heterogeneous,8,3,4,0.1,0.6,0.0,0.3,false,0.1,0.3,0.2,0.2,5270796567387583500.0,50,true,0.0,0.09727052645178387,0.00007445418787537,0.00005623231281013,1,4,-0.6,3.4285714285714284
consensus,heterogeneous,8,3,4,0.1,0.6,0.0,0.3,false,0.1,0.3,0.2,0.2,5289628370080352300.0,50,true,0.0,0.09754621206211832,0.00007445418787537,0.00005623231281013,1,4,-0.6,3.4285714285714284
consensus,heterogeneous,8,3,4,0.1,0.6,0.0,0.3,false,0.1,0.3,0.2,0.2,6823390941497223200.0,50,true,0.0,0.09541190458970095,0.00007445418787537,0.00005623231281013,1,4,-0.6,3.4285714285714284
consensus,homogeneous,36,0,6,0.3,0.6,0.5,0.1,false,0.05,0.3,0.1,0.0,7961064913231669200.0,20,true,0.0,0.09323617683312208,0.00001266760796926,0.00000727526903445,2,3,-0.09999999999999998,0.0
consensus,homogeneous,36,0,6,0.3,0.6,0.5,0.1,false,0.05,0.3,0.1,0.0,5091642889372354600.0,25,true,0.0,0.06596398991710578,0.00000249392777337,0.00000143231425758,1,3,-0.09999999999999998,0.0
consensus,homogeneous,36,0,6,0.3,0.6,0.5,0.1,false,0.05,0.3,0.1,0.0,618952398593468420.0,25,true,0.0,0.06741312218719779,0.00000249392777337,0.00000143231425758,1,3,-0.09999999999999998,0.0
consensus,homogeneous,36,0,6,0.3,0.6,0.5,0.1,false,0.05,0.3,0.1,0.0,6579312008936010800.0,25,true,0.0,0.05341725416643111,0.00000249392777337,0.00000143231425758,1,3,-0.09999999999999998,0.0
consensus,homogeneous,36,0,6,0.3,0.6,0.5,0.1,false,0.05,0.3,0.1,0.0,456152218367926270.0,20,true,0.0,0.06677013662071835,0.00001266760796926,0.00000727526903445,1,3,-0.09999999999999998,0.0
consensus,homogeneous,36,0,6,0.3,0.6,0.5,0.1,false,0.05,0.3,0.1,0.0,3446611970898041900.0,25,true,0.0,0.07638985786028013,0.00000249392777337,0.00000143231425758,1,3,-0.09999999999999998,0.0
consensus,homogeneous,36,0,6,0.3,0.6,0.5,0.1,false,0.05,0.3,0.1,0.0,8810525594210242600.0,25,true,0.0,0.06395910087392316,0.00000249392777337,0.00000143231425758,1,3,-0.09999999999999998,0.0
consensus,homogeneous,36,0,6,0.3,0.6,0.5,0.1,false,0.05,0.3,0.1,0.0,2628232465145449500.0,25,true,0.0,0.08588720035837061,0.00000249392777337,0.00000143231425758,1,3,-0.09999999999999998,0.0
consensus,homogeneous,36,0,6,0.3,0.6,0.5,0.1,false,0.05,0.3,0.1,0.0,1398760984851863550.0,25,true,0.0,0.05306732828017838,0.00000249392777337,0.00000143231425758,1,3,-0.09999999999999998,0.0
consensus,homogeneous,36,0,6,0.3,0.6,0.5,0.1,false,0.05,0.3,0.1,0.0,1678023918209180670.0,25,true,0.0,0.07991962810635785,0.00000249392777337,0.00000143231425758,1,3,-0.09999999999999998,0.0
consensus,homogeneous,36,0,6,0.3,0.6,0.5,0.1,false,0.05,0.3,0.1,0.0,6604969221076703200.0,25,true,0.0,0.07744759851866705,0.00000249392777337,0.00000143231425758,1,3,-0.09999999999999998,0.0
consensus,homogeneous,36,0,6,0.3,0.6,0.5,0.1,false,0.05,0.3,0.1,0.0,882452717080495100.0,25,true,0.0,0.0762341318860203,0.00000249392777337,0.00000143231425758,1,3,-0.09999999999999998,0.0
consensus,homogeneous,36,0,6,0.3,0.6,0.5,0.1,false,0.05,0.3,0.1,0.0,5289628370080352300.0,25,true,0.0,0.0674854905120277,0.00000249392777337,0.00000143231425758,1,3,-0.09999999999999998,0.0
consensus,homogeneous,36,0,6,0.3,0.6,0.5,0.1,false,0.05,0.3,0.1,0.0,6823390941497223200.0,25,true,0.0,0.08123147151748525,0.00000249392777337,0.00000143231425758,1,3,-0.09999999999999998,0.0
consensus,homogeneous,36,0,6,0.3,0.6,0.5,0.1,false,0.05,0.3,0.1,0.0,5270796567387583500.0,25,true,0.0,0.06632712669938466,0.00000249392777337,0.00000143231425758,1,3,-0.09999999999999998,0.0
consensus,homogeneous,23,0,5,0.3,0.6,0.8,0.3,false,0.05,0.2,0.2,0.05,6579312008936010800.0,25,true,0.0,0.0658904775837526,0.00000387433579171,0.00000224948754541,1,4,0.20000000000000007,0.0
consensus,homogeneous,23,0,5,0.3,0.6,0.8,0.3,false,0.05,0.2,0.2,0.05,618952398593468420.0,25,true,0.0,0.08447481601292549,0.00000387433579171,0.00000224948754541,1,4,0.20000000000000007,0.0
consensus,homogeneous,23,0,5,0.3,0.6,0.8,0.3,false,0.05,0.2,0.2,0.05,5091642889372354600.0,25,true,0.0,0.06430010715102116,0.00000387433579171,0.00000224948754541,1,4,0.20000000000000007,0.0
consensus,homogeneous,23,0,5,0.3,0.6,0.8,0.3,false,0.05,0.2,0.2,0.05,7961064913231669200.0,25,true,0.0,0.0626435318153827,0.00000387433579171,0.00000224948754541,1,4,0.20000000000000007,0.0
consensus,homogeneous,23,0,5,0.3,0.6,0.8,0.3,false,0.05,0.2,0.2,0.05,2628232465145449500.0,25,true,0.0,0.06629657482470407,0.00000387433579171,0.00000224948754541,1,4,0.20000000000000007,0.0
consensus,homogeneous,23,0,5,0.3,0.6,0.8,0.3,false,0.05,0.2,0.2,0.05,3446611970898041900.0,25,true,0.0,0.09151592366809616,0.00000387433579171,0.00000224948754541,1,4,0.20000000000000007,0.0
consensus,homogeneous,23,0,5,0.3,0.6,0.8,0.3,false,0.05,0.2,0.2,0.05,8810525594210242600.0,25,true,0.0,0.0711651059296864,0.00000387433579171,0.00000224948754541,1,4,0.20000000000000007,0.0
consensus,homogeneous,23,0,5,0.3,0.6,0.8,0.3,false,0.05,0.2,0.2,0.05,456152218367926270.0,25,true,0.0,0.06413265819672276,0.00000387433579171,0.00000224948754541,1,4,0.20000000000000007,0.0
consensus,homogeneous,23,0,5,0.3,0.6,0.8,0.3,false,0.05,0.2,0.2,0.05,1398760984851863550.0,25,true,0.0,0.06491579045390028,0.00000387433579171,0.00000224948754541,1,4,0.20000000000000007,0.0
consensus,homogeneous,23,0,5,0.3,0.6,0.8,0.3,false,0.05,0.2,0.2,0.05,6604969221076703200.0,25,true,0.0,0.0619758473187232,0.00000387433579171,0.00000224948754541,1,4,0.20000000000000007,0.0
consensus,homogeneous,23,0,5,0.3,0.6,0.8,0.3,false,0.05,0.2,0.2,0.05,882452717080495100.0,25,true,0.0,0.0799570217822203,0.00000387433579171,0.00000224948754541,2,4,0.20000000000000007,0.0
consensus,homogeneous,23,0,5,0.3,0.6,0.8,0.3,false,0.05,0.2,0.2,0.05,1678023918209180670.0,25,true,0.0,0.07978906760745505,0.00000387433579171,0.00000224948754541,2,4,0.20000000000000007,0.0
consensus,homogeneous,23,0,5,0.3,0.6,0.8,0.3,false,0.05,0.2,0.2,0.05,6823390941497223200.0,25,true,0.0,0.06517889654058903,0.00000387433579171,0.00000224948754541,1,4,0.20000000000000007,0.0
consensus,homogeneous,23,0,5,0.3,0.6,0.8,0.3,false,0.05,0.2,0.2,0.05,5289628370080352300.0,25,true,0.0,0.06687280808213374,0.00000387433579171,0.00000224948754541,1,4,0.20000000000000007,0.0
consensus,homogeneous,23,0,5,0.3,0.6,0.8,0.3,false,0.05,0.2,0.2,0.05,5270796567387583500.0,25,true,0.0,0.06379741708474887,0.00000387433579171,0.00000224948754541,1,4,0.20000000000000007,0.0
consensus,unknown,49,0,0,0.2,0.2,0.8,0.3,false,0.0,0.0,0.1,0.05,5108037849753243600.0,100,true,0.0,0.0,0.0,0.0,0,0,0.6000000000000001,0.0
consensus,unknown,49,0,0,0.2,0.2,0.8,0.3,false,0.0,0.0,0.1,0.05,599260260783050750.0,100,true,0.0,0.0,0.0,0.0,0,0,0.6000000000000001,0.0
consensus,unknown,49,0,0,0.2,0.2,0.8,0.3,false,0.0,0.0,0.1,0.05,3165118706031121400.0,100,true,0.0,0.0,0.0,0.0,0,0,0.6000000000000001,0.0
consensus,unknown,49,0,0,0.2,0.2,0.8,0.3,false,0.0,0.0,0.1,0.05,8151887465685377000.0,100,true,0.0,0.0,0.0,0.0,0,0,0.6000000000000001,0.0
consensus,unknown,49,0,0,0.2,0.2,0.8,0.3,false,0.0,0.0,0.1,0.05,3794282318118145000.0,100,true,0.0,0.0,0.0,0.0,0,0,0.6000000000000001,0.0
consensus,unknown,49,0,0,0.2,0.2,0.8,0.3,false,0.0,0.0,0.1,0.05,5576601392690618400.0,100,true,0.0,0.0,0.0,0.0,0,0,0.6000000000000001,0.0
consensus,unknown,49,0,0,0.2,0.2,0.8,0.3,false,0.0,0.0,0.1,0.05,7500710846097874900.0,100,true,0.0,0.0,0.0,0.0,0,0,0.6000000000000001,0.0
consensus,unknown,49,0,0,0.2,0.2,0.8,0.3,false,0.0,0.0,0.1,0.05,3413911939801646100.0,100,true,0.0,0.0,0.0,0.0,0,0,0.6000000000000001,0.0
consensus,unknown,49,0,0,0.2,0.2,0.8,0.3,false,0.0,0.0,0.1,0.05,4432464224430073900.0,100,true,0.0,0.0,0.0,0.0,0,0,0.6000000000000001,0.0
consensus,unknown,49,0,0,0.2,0.2,0.8,0.3,false,0.0,0.0,0.1,0.05,6603758411652679700.0,100,true,0.0,0.0,0.0,0.0,0,0,0.6000000000000001,0.0
consensus,unknown,49,0,0,0.2,0.2,0.8,0.3,false,0.0,0.0,0.1,0.05,7179043909987328000.0,100,true,0.0,0.0,0.0,0.0,0,0,0.6000000000000001,0.0
consensus,unknown,49,0,0,0.2,0.2,0.8,0.3,false,0.0,0.0,0.1,0.05,4210327001835109400.0,100,true,0.0,0.0,0.0,0.0,0,0,0.6000000000000001,0.0
consensus,unknown,49,0,0,0.2,0.2,0.8,0.3,false,0.0,0.0,0.1,0.05,4725690850412381200.0,100,true,0.0,0.0,0.0,0.0,0,0,0.6000000000000001,0.0
consensus,unknown,49,0,0,0.2,0.2,0.8,0.3,false,0.0,0.0,0.1,0.05,4898716312282833900.0,100,true,0.0,0.0,0.0,0.0,0,0,0.6000000000000001,0.0
consensus,unknown,49,0,0,0.2,0.2,0.8,0.3,false,0.0,0.0,0.1,0.05,5956375827241809900.0,100,true,0.0,0.0,0.0,0.0,0,0,0.6000000000000001,0.0
consensus,heterogeneous,13,3,3,0.2,0.6,0.0,0.1,false,0.2,0.3,0.2,0.2,3165118706031121400.0,30,true,0.0,0.08430795645387028,0.00001585513210942,0.0000112080891256,1,4,-0.6,3.0
consensus,heterogeneous,13,3,3,0.2,0.6,0.0,0.1,false,0.2,0.3,0.2,0.2,599260260783050750.0,30,true,0.0,0.08576160320096049,0.00001585513210942,0.0000112080891256,1,4,-0.6,3.0
consensus,heterogeneous,13,3,3,0.2,0.6,0.0,0.1,false,0.2,0.3,0.2,0.2,8151887465685377000.0,30,true,0.0,0.08430795645387025,0.00001585513210942,0.0000112080891256,1,4,-0.6,3.0
consensus,heterogeneous,13,3,3,0.2,0.6,0.0,0.1,false,0.2,0.3,0.2,0.2,5108037849753243600.0,30,true,0.0,0.08891745058078221,0.00001585513210942,0.0000112080891256,1,4,-0.6,3.0
consensus,heterogeneous,13,3,3,0.2,0.6,0.0,0.1,false,0.2,0.3,0.2,0.2,3794282318118145000.0,30,true,0.0,0.08430795645387025,0.00001585513210942,0.0000112080891256,1,4,-0.6,3.0
consensus,heterogeneous,13,3,3,0.2,0.6,0.0,0.1,false,0.2,0.3,0.2,0.2,5576601392690618400.0,30,true,0.0,0.08430795645387028,0.00001585513210942,0.0000112080891256,1,4,-0.6,3.0
consensus,heterogeneous,13,3,3,0.2,0.6,0.0,0.1,false,0.2,0.3,0.2,0.2,7500710846097874900.0,35,true,0.0,0.0855677332157051,0.00000552834273149,0.00000390801903282,1,4,-0.6,3.0
consensus,heterogeneous,13,3,3,0.2,0.6,0.0,0.1,false,0.2,0.3,0.2,0.2,3413911939801646100.0,35,true,0.0,0.09369144073440594,0.00000552834273149,0.00000390801903282,1,4,-0.6,3.0
consensus,heterogeneous,13,3,3,0.2,0.6,0.0,0.1,false,0.2,0.3,0.2,0.2,4210327001835109400.0,30,true,0.0,0.08916458027192187,0.00001585513210942,0.0000112080891256,1,4,-0.6,3.0
consensus,heterogeneous,13,3,3,0.2,0.6,0.0,0.1,false,0.2,0.3,0.2,0.2,7179043909987328000.0,30,true,0.0,0.08642850621110104,0.00001585513210942,0.0000112080891256,1,4,-0.6,3.0
consensus,heterogeneous,13,3,3,0.2,0.6,0.0,0.1,false,0.2,0.3,0.2,0.2,4432464224430073900.0,35,true,0.0,0.08556773321570511,0.00000552834273149,0.00000390801903282,1,4,-0.6,3.0
consensus,heterogeneous,13,3,3,0.2,0.6,0.0,0.1,false,0.2,0.3,0.2,0.2,6603758411652679700.0,35,true,0.0,0.08556773321570514,0.00000552834273149,0.00000390801903282,1,4,-0.6,3.0
consensus,heterogeneous,13,3,3,0.2,0.6,0.0,0.1,false,0.2,0.3,0.2,0.2,4725690850412381200.0,30,true,0.0,0.09495710323930646,0.00001585513210942,0.0000112080891256,1,4,-0.6,3.0
consensus,heterogeneous,13,3,3,0.2,0.6,0.0,0.1,false,0.2,0.3,0.2,0.2,4898716312282833900.0,30,true,0.0,0.08878102300540362,0.00001585513210942,0.0000112080891256,1,4,-0.6,3.0
consensus,heterogeneous,13,3,3,0.2,0.6,0.0,0.1,false,0.2,0.3,0.2,0.2,5956375827241809900.0,35,true,0.0,0.08556773321570511,0.00000552834273149,0.00000390801903282,1,4,-0.6,3.0
consensus,heterogeneous,3,3,3,0.3,0.5,0.6,0.1,false,0.0,0.3,0.2,0.05,8151887465685377000.0,30,true,0.0,0.15371835357486469,0.00000152016060486,0.00000113774100921,1,4,0.09999999999999998,0.0
consensus,heterogeneous,3,3,3,0.3,0.5,0.6,0.1,false,0.0,0.3,0.2,0.05,599260260783050750.0,30,true,0.0,0.15371835357486466,0.00000152016060486,0.00000113774100921,1,4,0.09999999999999998,0.0
consensus,heterogeneous,3,3,3,0.3,0.5,0.6,0.1,false,0.0,0.3,0.2,0.05,5108037849753243600.0,30,true,0.0,0.171707230553673,0.00000152016060486,0.00000113774100921,2,4,0.09999999999999998,0.0
consensus,heterogeneous,3,3,3,0.3,0.5,0.6,0.1,false,0.0,0.3,0.2,0.05,3165118706031121400.0,30,true,0.0,0.15371835357486466,0.00000152016060486,0.00000113774100921,1,4,0.09999999999999998,0.0
consensus,heterogeneous,3,3,3,0.3,0.5,0.6,0.1,false,0.0,0.3,0.2,0.05,7500710846097874900.0,25,true,0.0,0.1524791031412504,0.00000772147405323,0.00000577901943638,1,4,0.09999999999999998,0.0
consensus,heterogeneous,3,3,3,0.3,0.5,0.6,0.1,false,0.0,0.3,0.2,0.05,3794282318118145000.0,30,true,0.0,0.15371835357486466,0.00000152016060486,0.00000113774100921,1,4,0.09999999999999998,0.0
consensus,heterogeneous,3,3,3,0.3,0.5,0.6,0.1,false,0.0,0.3,0.2,0.05,3413911939801646100.0,30,true,0.0,0.1537183535748647,0.00000152016060486,0.00000113774100921,1,4,0.09999999999999998,0.0
consensus,heterogeneous,3,3,3,0.3,0.5,0.6,0.1,false,0.0,0.3,0.2,0.05,5576601392690618400.0,30,true,0.0,0.15371835357486469,0.00000152016060486,0.00000113774100921,1,4,0.09999999999999998,0.0
consensus,heterogeneous,3,3,3,0.3,0.5,0.6,0.1,false,0.0,0.3,0.2,0.05,6603758411652679700.0,30,true,0.0,0.15371835357486466,0.00000152016060486,0.00000113774100921,1,4,0.09999999999999998,0.0
consensus,heterogeneous,3,3,3,0.3,0.5,0.6,0.1,false,0.0,0.3,0.2,0.05,4432464224430073900.0,30,true,0.0,0.15371835357486469,0.00000152016060486,0.00000113774100921,1,4,0.09999999999999998,0.0
consensus,heterogeneous,3,3,3,0.3,0.5,0.6,0.1,false,0.0,0.3,0.2,0.05,4210327001835109400.0,30,true,0.0,0.15371835357486466,0.00000152016060486,0.00000113774100921,1,4,0.09999999999999998,0.0
consensus,heterogeneous,3,3,3,0.3,0.5,0.6,0.1,false,0.0,0.3,0.2,0.05,7179043909987328000.0,30,true,0.0,0.18133223939068407,0.00000152016060486,0.00000113774100921,1,4,0.09999999999999998,0.0
consensus,heterogeneous,3,3,3,0.3,0.5,0.6,0.1,false,0.0,0.3,0.2,0.05,4725690850412381200.0,25,true,0.0,0.1524791031412504,0.00000772147405323,0.00000577901943638,1,4,0.09999999999999998,0.0
consensus,heterogeneous,3,3,3,0.3,0.5,0.6,0.1,false,0.0,0.3,0.2,0.05,4898716312282833900.0,30,true,0.0,0.1537183535748647,0.00000152016060486,0.00000113774100921,2,4,0.09999999999999998,0.0
consensus,heterogeneous,3,3,3,0.3,0.5,0.6,0.1,false,0.0,0.3,0.2,0.05,5956375827241809900.0,30,true,0.0,0.15371835357486466,0.00000152016060486,0.00000113774100921,1,4,0.09999999999999998,0.0
consensus,heterogeneous,35,2,2,0.2,0.4,0.6,0.3,false,0.2,0.0,0.2,0.0,3165118706031121400.0,35,true,0.0,0.10543812250400278,0.00000937318566873,0.00000737195460821,1,3,0.19999999999999996,0.0
consensus,heterogeneous,35,2,2,0.2,0.4,0.6,0.3,false,0.2,0.0,0.2,0.0,8151887465685377000.0,35,true,0.0,0.10735767948477054,0.00000937318566873,0.00000737195460821,1,3,0.19999999999999996,0.0
consensus,heterogeneous,35,2,2,0.2,0.4,0.6,0.3,false,0.2,0.0,0.2,0.0,5108037849753243600.0,35,true,0.0,0.1093552460743202,0.00000937318566873,0.00000737195460821,1,3,0.19999999999999996,0.0
consensus,heterogeneous,35,2,2,0.2,0.4,0.6,0.3,false,0.2,0.0,0.2,0.0,599260260783050750.0,35,true,0.0,0.1054381225040027,0.00000937318566873,0.00000737195460821,1,3,0.19999999999999996,0.0
consensus,heterogeneous,35,2,2,0.2,0.4,0.6,0.3,false,0.2,0.0,0.2,0.0,3794282318118145000.0,35,true,0.0,0.12410859965177995,0.00000937318566873,0.00000737195460821,1,3,0.19999999999999996,0.0
consensus,heterogeneous,35,2,2,0.2,0.4,0.6,0.3,false,0.2,0.0,0.2,0.0,5576601392690618400.0,35,true,0.0,0.1338533314726958,0.00000937318566873,0.00000737195460821,1,3,0.19999999999999996,0.0
consensus,heterogeneous,35,2,2,0.2,0.4,0.6,0.3,false,0.2,0.0,0.2,0.0,3413911939801646100.0,35,true,0.0,0.11845012118690354,0.00000937318566873,0.00000737195460821,1,3,0.19999999999999996,0.0
consensus,heterogeneous,35,2,2,0.2,0.4,0.6,0.3,false,0.2,0.0,0.2,0.0,7500710846097874900.0,35,true,0.0,0.12211983284243999,0.00000937318566873,0.00000737195460821,1,3,0.19999999999999996,0.0
consensus,heterogeneous,35,2,2,0.2,0.4,0.6,0.3,false,0.2,0.0,0.2,0.0,7179043909987328000.0,35,true,0.0,0.11419674627993728,0.00000937318566873,0.00000737195460821,1,3,0.19999999999999996,0.0
consensus,heterogeneous,35,2,2,0.2,0.4,0.6,0.3,false,0.2,0.0,0.2,0.0,6603758411652679700.0,35,true,0.0,0.10943836285523706,0.00000937318566873,0.00000737195460821,1,3,0.19999999999999996,0.0
consensus,heterogeneous,35,2,2,0.2,0.4,0.6,0.3,false,0.2,0.0,0.2,0.0,4432464224430073900.0,35,true,0.0,0.128150637031947,0.00000937318566873,0.00000737195460821,2,3,0.19999999999999996,0.0
consensus,heterogeneous,35,2,2,0.2,0.4,0.6,0.3,false,0.2,0.0,0.2,0.0,4210327001835109400.0,35,true,0.0,0.10543812250400281,0.00000937318566873,0.00000737195460821,1,3,0.19999999999999996,0.0
consensus,heterogeneous,35,2,2,0.2,0.4,0.6,0.3,false,0.2,0.0,0.2,0.0,5956375827241809900.0,30,true,0.0,0.10371120364148753,0.00002688203396242,0.00002114255933374,1,3,0.19999999999999996,0.0
consensus,heterogeneous,35,2,2,0.2,0.4,0.6,0.3,false,0.2,0.0,0.2,0.0,4898716312282833900.0,35,true,0.0,0.13208954615336083,0.00000937318566873,0.00000737195460821,1,3,0.19999999999999996,0.0
consensus,heterogeneous,35,2,2,0.2,0.4,0.6,0.3,false,0.2,0.0,0.2,0.0,4725690850412381200.0,35,true,0.0,0.1403454799971206,0.00000937318566873,0.00000737195460821,1,3,0.19999999999999996,0.0
consensus,unknown,54,0,0,0.5,0.8,0.5,0.3,false,0.05,0.0,0.2,0.0,8151887465685377000.0,100,true,0.0,0.0,0.0,0.0,0,0,-0.30000000000000004,0.0
consensus,unknown,54,0,0,0.5,0.8,0.5,0.3,false,0.05,0.0,0.2,0.0,599260260783050750.0,100,true,0.0,0.0,0.0,0.0,0,0,-0.30000000000000004,0.0
consensus,unknown,54,0,0,0.5,0.8,0.5,0.3,false,0.05,0.0,0.2,0.0,5108037849753243600.0,100,true,0.0,0.0,0.0,0.0,0,0,-0.30000000000000004,0.0
consensus,unknown,54,0,0,0.5,0.8,0.5,0.3,false,0.05,0.0,0.2,0.0,3165118706031121400.0,100,true,0.0,0.0,0.0,0.0,0,0,-0.30000000000000004,0.0
consensus,unknown,54,0,0,0.5,0.8,0.5,0.3,false,0.05,0.0,0.2,0.0,7500710846097874900.0,100,true,0.0,0.0,0.0,0.0,0,0,-0.30000000000000004,0.0
consensus,unknown,54,0,0,0.5,0.8,0.5,0.3,false,0.05,0.0,0.2,0.0,5576601392690618400.0,100,true,0.0,0.0,0.0,0.0,0,0,-0.30000000000000004,0.0
consensus,unknown,54,0,0,0.5,0.8,0.5,0.3,false,0.05,0.0,0.2,0.0,3794282318118145000.0,100,true,0.0,0.0,0.0,0.0,0,0,-0.30000000000000004,0.0
consensus,unknown,54,0,0,0.5,0.8,0.5,0.3,false,0.05,0.0,0.2,0.0,3413911939801646100.0,100,true,0.0,0.0,0.0,0.0,0,0,-0.30000000000000004,0.0
consensus,unknown,54,0,0,0.5,0.8,0.5,0.3,false,0.05,0.0,0.2,0.0,6603758411652679700.0,100,true,0.0,0.0,0.0,0.0,0,0,-0.30000000000000004,0.0
consensus,unknown,54,0,0,0.5,0.8,0.5,0.3,false,0.05,0.0,0.2,0.0,4432464224430073900.0,100,true,0.0,0.0,0.0,0.0,0,0,-0.30000000000000004,0.0
consensus,unknown,54,0,0,0.5,0.8,0.5,0.3,false,0.05,0.0,0.2,0.0,4210327001835109400.0,100,true,0.0,0.0,0.0,0.0,0,0,-0.30000000000000004,0.0
consensus,unknown,54,0,0,0.5,0.8,0.5,0.3,false,0.05,0.0,0.2,0.0,7179043909987328000.0,100,true,0.0,0.0,0.0,0.0,0,0,-0.30000000000000004,0.0
consensus,unknown,54,0,0,0.5,0.8,0.5,0.3,false,0.05,0.0,0.2,0.0,4898716312282833900.0,100,true,0.0,0.0,0.0,0.0,0,0,-0.30000000000000004,0.0
consensus,unknown,54,0,0,0.5,0.8,0.5,0.3,false,0.05,0.0,0.2,0.0,5956375827241809900.0,100,true,0.0,0.0,0.0,0.0,0,0,-0.30000000000000004,0.0
consensus,unknown,54,0,0,0.5,0.8,0.5,0.3,false,0.05,0.0,0.2,0.0,4725690850412381200.0,100,true,0.0,0.0,0.0,0.0,0,0,-0.30000000000000004,0.0
consensus,unknown,54,0,0,0.1,0.2,0.0,0.1,false,0.2,0.1,0.2,0.0,8151887465685377000.0,100,true,0.0,0.0,0.0,0.0,0,0,-0.2,0.0
consensus,unknown,54,0,0,0.1,0.2,0.0,0.1,false,0.2,0.1,0.2,0.0,599260260783050750.0,100,true,0.0,0.0,0.0,0.0,0,0,-0.2,0.0
consensus,unknown,54,0,0,0.1,0.2,0.0,0.1,false,0.2,0.1,0.2,0.0,3165118706031121400.0,100,true,0.0,0.0,0.0,0.0,0,0,-0.2,0.0
consensus,unknown,54,0,0,0.1,0.2,0.0,0.1,false,0.2,0.1,0.2,0.0,5108037849753243600.0,100,true,0.0,0.0,0.0,0.0,0,0,-0.2,0.0
consensus,unknown,54,0,0,0.1,0.2,0.0,0.1,false,0.2,0.1,0.2,0.0,3413911939801646100.0,100,true,0.0,0.0,0.0,0.0,0,0,-0.2,0.0
consensus,unknown,54,0,0,0.1,0.2,0.0,0.1,false,0.2,0.1,0.2,0.0,5576601392690618400.0,100,true,0.0,0.0,0.0,0.0,0,0,-0.2,0.0
consensus,unknown,54,0,0,0.1,0.2,0.0,0.1,false,0.2,0.1,0.2,0.0,7500710846097874900.0,100,true,0.0,0.0,0.0,0.0,0,0,-0.2,0.0
consensus,unknown,54,0,0,0.1,0.2,0.0,0.1,false,0.2,0.1,0.2,0.0,3794282318118145000.0,100,true,0.0,0.0,0.0,0.0,0,0,-0.2,0.0
consensus,unknown,54,0,0,0.1,0.2,0.0,0.1,false,0.2,0.1,0.2,0.0,4432464224430073900.0,100,true,0.0,0.0,0.0,0.0,0,0,-0.2,0.0
consensus,unknown,54,0,0,0.1,0.2,0.0,0.1,false,0.2,0.1,0.2,0.0,4210327001835109400.0,100,true,0.0,0.0,0.0,0.0,0,0,-0.2,0.0
consensus,unknown,54,0,0,0.1,0.2,0.0,0.1,false,0.2,0.1,0.2,0.0,6603758411652679700.0,100,true,0.0,0.0,0.0,0.0,0,0,-0.2,0.0
consensus,unknown,54,0,0,0.1,0.2,0.0,0.1,false,0.2,0.1,0.2,0.0,7179043909987328000.0,100,true,0.0,0.0,0.0,0.0,0,0,-0.2,0.0
consensus,unknown,54,0,0,0.1,0.2,0.0,0.1,false,0.2,0.1,0.2,0.0,4725690850412381200.0,100,true,0.0,0.0,0.0,0.0,0,0,-0.2,0.0
consensus,unknown,54,0,0,0.1,0.2,0.0,0.1,false,0.2,0.1,0.2,0.0,5956375827241809900.0,100,true,0.0,0.0,0.0,0.0,0,0,-0.2,0.0
consensus,unknown,54,0,0,0.1,0.2,0.0,0.1,false,0.2,0.1,0.2,0.0,4898716312282833900.0,100,true,0.0,0.0,0.0,0.0,0,0,-0.2,0.0
consensus,unknown,54,0,0,0.1,0.5,0.8,0.2,false,0.0,0.2,0.3,0.1,599260260783050750.0,100,true,0.0,0.0,0.0,0.0,0,0,0.30000000000000004,0.0
consensus,unknown,54,0,0,0.1,0.5,0.8,0.2,false,0.0,0.2,0.3,0.1,5108037849753243600.0,100,true,0.0,0.0,0.0,0.0,0,0,0.30000000000000004,0.0
consensus,unknown,54,0,0,0.1,0.5,0.8,0.2,false,0.0,0.2,0.3,0.1,8151887465685377000.0,100,true,0.0,0.0,0.0,0.0,0,0,0.30000000000000004,0.0
consensus,unknown,54,0,0,0.1,0.5,0.8,0.2,false,0.0,0.2,0.3,0.1,3165118706031121400.0,100,true,0.0,0.0,0.0,0.0,0,0,0.30000000000000004,0.0
consensus,unknown,54,0,0,0.1,0.5,0.8,0.2,false,0.0,0.2,0.3,0.1,3413911939801646100.0,100,true,0.0,0.0,0.0,0.0,0,0,0.30000000000000004,0.0
consensus,unknown,54,0,0,0.1,0.5,0.8,0.2,false,0.0,0.2,0.3,0.1,5576601392690618400.0,100,true,0.0,0.0,0.0,0.0,0,0,0.30000000000000004,0.0
consensus,unknown,54,0,0,0.1,0.5,0.8,0.2,false,0.0,0.2,0.3,0.1,3794282318118145000.0,100,true,0.0,0.0,0.0,0.0,0,0,0.30000000000000004,0.0
consensus,unknown,54,0,0,0.1,0.5,0.8,0.2,false,0.0,0.2,0.3,0.1,7500710846097874900.0,100,true,0.0,0.0,0.0,0.0,0,0,0.30000000000000004,0.0
consensus,unknown,54,0,0,0.1,0.5,0.8,0.2,false,0.0,0.2,0.3,0.1,4432464224430073900.0,100,true,0.0,0.0,0.0,0.0,0,0,0.30000000000000004,0.0
consensus,unknown,54,0,0,0.1,0.5,0.8,0.2,false,0.0,0.2,0.3,0.1,4210327001835109400.0,100,true,0.0,0.0,0.0,0.0,0,0,0.30000000000000004,0.0
consensus,unknown,54,0,0,0.1,0.5,0.8,0.2,false,0.0,0.2,0.3,0.1,6603758411652679700.0,100,true,0.0,0.0,0.0,0.0,0,0,0.30000000000000004,0.0
consensus,unknown,54,0,0,0.1,0.5,0.8,0.2,false,0.0,0.2,0.3,0.1,7179043909987328000.0,100,true,0.0,0.0,0.0,0.0,0,0,0.30000000000000004,0.0
consensus,unknown,54,0,0,0.1,0.5,0.8,0.2,false,0.0,0.2,0.3,0.1,4898716312282833900.0,100,true,0.0,0.0,0.0,0.0,0,0,0.30000000000000004,0.0
consensus,unknown,54,0,0,0.1,0.5,0.8,0.2,false,0.0,0.2,0.3,0.1,4725690850412381200.0,100,true,0.0,0.0,0.0,0.0,0,0,0.30000000000000004,0.0
consensus,unknown,54,0,0,0.1,0.5,0.8,0.2,false,0.0,0.2,0.3,0.1,5956375827241809900.0,100,true,0.0,0.0,0.0,0.0,0,0,0.30000000000000004,0.0
consensus,heterogeneous,12,3,3,0.2,0.8,0.8,0.3,false,0.2,0.2,0.1,0.0,5108037849753243600.0,40,true,0.0,0.1651334490750925,0.00000580255066527,0.00000366338202633,1,5,0.0,0.0
consensus,heterogeneous,12,3,3,0.2,0.8,0.8,0.3,false,0.2,0.2,0.1,0.0,3165118706031121400.0,40,true,0.0,0.16513344907509245,0.00000580255066527,0.00000366338202633,1,5,0.0,0.0
consensus,heterogeneous,12,3,3,0.2,0.8,0.8,0.3,false,0.2,0.2,0.1,0.0,8151887465685377000.0,40,true,0.0,0.1651334490750925,0.00000580255066527,0.00000366338202633,1,5,0.0,0.0
consensus,heterogeneous,12,3,3,0.2,0.8,0.8,0.3,false,0.2,0.2,0.1,0.0,599260260783050750.0,40,true,0.0,0.1651334490750925,0.00000580255066527,0.00000366338202633,1,5,0.0,0.0
consensus,heterogeneous,12,3,3,0.2,0.8,0.8,0.3,false,0.2,0.2,0.1,0.0,3794282318118145000.0,40,true,0.0,0.1651334490750925,0.00000580255066527,0.00000366338202633,1,5,0.0,0.0
consensus,heterogeneous,12,3,3,0.2,0.8,0.8,0.3,false,0.2,0.2,0.1,0.0,7500710846097874900.0,40,true,0.0,0.16513344907509245,0.00000580255066527,0.00000366338202633,1,5,0.0,0.0
consensus,heterogeneous,12,3,3,0.2,0.8,0.8,0.3,false,0.2,0.2,0.1,0.0,3413911939801646100.0,40,true,0.0,0.16934582681815258,0.00000580255066527,0.00000366338202633,1,5,0.0,0.0
consensus,heterogeneous,12,3,3,0.2,0.8,0.8,0.3,false,0.2,0.2,0.1,0.0,5576601392690618400.0,40,true,0.0,0.1651334490750925,0.00000580255066527,0.00000366338202633,1,5,0.0,0.0
consensus,heterogeneous,12,3,3,0.2,0.8,0.8,0.3,false,0.2,0.2,0.1,0.0,7179043909987328000.0,35,true,0.0,0.16366881311236783,0.00001664155278315,0.00001050647704309,2,5,0.0,0.0
consensus,heterogeneous,12,3,3,0.2,0.8,0.8,0.3,false,0.2,0.2,0.1,0.0,4210327001835109400.0,35,true,0.0,0.1636688131123679,0.00001664155278315,0.00001050647704309,1,5,0.0,0.0
consensus,heterogeneous,12,3,3,0.2,0.8,0.8,0.3,false,0.2,0.2,0.1,0.0,4432464224430073900.0,40,true,0.0,0.1651334490750925,0.00000580255066527,0.00000366338202633,1,5,0.0,0.0
consensus,heterogeneous,12,3,3,0.2,0.8,0.8,0.3,false,0.2,0.2,0.1,0.0,6603758411652679700.0,40,true,0.0,0.16513344907509245,0.00000580255066527,0.00000366338202633,2,5,0.0,0.0
consensus,heterogeneous,12,3,3,0.2,0.8,0.8,0.3,false,0.2,0.2,0.1,0.0,5956375827241809900.0,35,true,0.0,0.16366881311236792,0.00001664155278315,0.00001050647704309,1,5,0.0,0.0
consensus,heterogeneous,12,3,3,0.2,0.8,0.8,0.3,false,0.2,0.2,0.1,0.0,4898716312282833900.0,40,true,0.0,0.1651334490750925,0.00000580255066527,0.00000366338202633,1,5,0.0,0.0
consensus,heterogeneous,12,3,3,0.2,0.8,0.8,0.3,false,0.2,0.2,0.1,0.0,4725690850412381200.0,40,true,0.0,0.16596837154140073,0.00000580255066527,0.00000366338202633,1,5,0.0,0.0
consensus,heterogeneous,16,2,3,0.1,0.8,0.5,0.2,false,0.0,0.0,0.3,0.05,3165118706031121400.0,45,true,0.0,0.08009803743782598,0.00008082245018944,0.00006364571892847,1,3,-0.30000000000000004,0.0
consensus,heterogeneous,16,2,3,0.1,0.8,0.5,0.2,false,0.0,0.0,0.3,0.05,5108037849753243600.0,45,true,0.0,0.07335066638040175,0.00008082245018944,0.00006364571892847,1,3,-0.30000000000000004,0.0
consensus,heterogeneous,16,2,3,0.1,0.8,0.5,0.2,false,0.0,0.0,0.3,0.05,599260260783050750.0,50,true,0.0,0.0877957073494076,0.00004839138644817,0.00003810704294686,1,3,-0.30000000000000004,0.0
consensus,heterogeneous,16,2,3,0.1,0.8,0.5,0.2,false,0.0,0.0,0.3,0.05,8151887465685377000.0,50,true,0.0,0.08377093538248129,0.00004839138644817,0.00003810704294685,1,3,-0.30000000000000004,0.0
consensus,heterogeneous,16,2,3,0.1,0.8,0.5,0.2,false,0.0,0.0,0.3,0.05,7500710846097874900.0,50,true,0.0,0.07180377158863012,0.00004839138644817,0.00003810704294686,1,3,-0.30000000000000004,0.0
consensus,heterogeneous,16,2,3,0.1,0.8,0.5,0.2,false,0.0,0.0,0.3,0.05,3413911939801646100.0,50,true,0.0,0.06970770528286133,0.00004839138644817,0.00003810704294686,1,3,-0.30000000000000004,0.0
consensus,heterogeneous,16,2,3,0.1,0.8,0.5,0.2,false,0.0,0.0,0.3,0.05,5576601392690618400.0,55,true,0.0,0.07878020250342418,0.00002897371060748,0.00002281609425743,1,3,-0.30000000000000004,0.0
consensus,heterogeneous,16,2,3,0.1,0.8,0.5,0.2,false,0.0,0.0,0.3,0.05,3794282318118145000.0,55,true,0.0,0.08501198347472179,0.00002897371060748,0.00002281609425742,1,3,-0.30000000000000004,0.0
consensus,heterogeneous,16,2,3,0.1,0.8,0.5,0.2,false,0.0,0.0,0.3,0.05,7179043909987328000.0,45,true,0.0,0.08285963338764253,0.00008082245018944,0.00006364571892846,1,3,-0.30000000000000004,0.0
consensus,heterogeneous,16,2,3,0.1,0.8,0.5,0.2,false,0.0,0.0,0.3,0.05,6603758411652679700.0,50,true,0.0,0.08965632776782217,0.00004839138644817,0.00003810704294686,1,3,-0.30000000000000004,0.0
consensus,heterogeneous,16,2,3,0.1,0.8,0.5,0.2,false,0.0,0.0,0.3,0.05,4432464224430073900.0,50,true,0.0,0.08249752704270472,0.00004839138644817,0.00003810704294686,1,3,-0.30000000000000004,0.0
consensus,heterogeneous,16,2,3,0.1,0.8,0.5,0.2,false,0.0,0.0,0.3,0.05,4210327001835109400.0,55,true,0.0,0.0790719202740705,0.00002897371060748,0.00002281609425743,1,3,-0.30000000000000004,0.0
consensus,heterogeneous,16,2,3,0.1,0.8,0.5,0.2,false,0.0,0.0,0.3,0.05,4898716312282833900.0,50,true,0.0,0.07235311845624029,0.00004839138644817,0.00003810704294686,1,3,-0.30000000000000004,0.0
consensus,heterogeneous,16,2,3,0.1,0.8,0.5,0.2,false,0.0,0.0,0.3,0.05,5956375827241809900.0,50,true,0.0,0.08472972454311598,0.00004839138644817,0.00003810704294686,1,3,-0.30000000000000004,0.0
consensus,heterogeneous,16,2,3,0.1,0.8,0.5,0.2,false,0.0,0.0,0.3,0.05,4725690850412381200.0,55,true,0.0,0.08742946148818231,0.00002897371060748,0.00002281609425743,1,3,-0.30000000000000004,0.0
consensus,homogeneous,41,0,4,0.5,0.8,0.0,0.3,false,0.05,0.1,0.0,0.05,8151887465685377000.0,15,true,0.0,0.06054570932192971,0.00000004824164446,0.00000003054631323,1,1,-0.8,2.0
consensus,homogeneous,41,0,4,0.5,0.8,0.0,0.3,false,0.05,0.1,0.0,0.05,3165118706031121400.0,15,true,0.0,0.06787076532203146,0.00000004824164446,0.00000003054631323,1,1,-0.8,2.0
consensus,homogeneous,41,0,4,0.5,0.8,0.0,0.3,false,0.05,0.1,0.0,0.05,599260260783050750.0,15,true,0.0,0.07297140867753868,0.00000004824164446,0.00000003054631323,1,1,-0.8,2.0
consensus,homogeneous,41,0,4,0.5,0.8,0.0,0.3,false,0.05,0.1,0.0,0.05,5108037849753243600.0,15,true,0.0,0.06545075221691629,0.00000004824164446,0.00000003054631323,1,1,-0.8,2.0
consensus,homogeneous,41,0,4,0.5,0.8,0.0,0.3,false,0.05,0.1,0.0,0.05,3413911939801646100.0,15,true,0.0,0.06741129434818446,0.00000004824164446,0.00000003054631323,1,1,-0.8,2.0
consensus,homogeneous,41,0,4,0.5,0.8,0.0,0.3,false,0.05,0.1,0.0,0.05,7500710846097874900.0,15,true,0.0,0.06624835176370222,0.00000004824164446,0.00000003054631323,1,1,-0.8,2.0
consensus,homogeneous,41,0,4,0.5,0.8,0.0,0.3,false,0.05,0.1,0.0,0.05,3794282318118145000.0,15,true,0.0,0.06012321567349896,0.00000004824164446,0.00000003054631323,1,1,-0.8,2.0
consensus,homogeneous,41,0,4,0.5,0.8,0.0,0.3,false,0.05,0.1,0.0,0.05,5576601392690618400.0,15,true,0.0,0.05779244460009744,0.00000004824164446,0.00000003054631323,1,1,-0.8,2.0
consensus,homogeneous,41,0,4,0.5,0.8,0.0,0.3,false,0.05,0.1,0.0,0.05,7179043909987328000.0,15,true,0.0,0.06526301561569678,0.00000004824164446,0.00000003054631323,1,1,-0.8,2.0
consensus,homogeneous,41,0,4,0.5,0.8,0.0,0.3,false,0.05,0.1,0.0,0.05,4432464224430073900.0,15,true,0.0,0.06238603746155777,0.00000004824164446,0.00000003054631323,1,1,-0.8,2.0
consensus,homogeneous,41,0,4,0.5,0.8,0.0,0.3,false,0.05,0.1,0.0,0.05,6603758411652679700.0,15,true,0.0,0.06368038691343161,0.00000004824164446,0.00000003054631323,1,1,-0.8,2.0
consensus,homogeneous,41,0,4,0.5,0.8,0.0,0.3,false,0.05,0.1,0.0,0.05,4210327001835109400.0,15,true,0.0,0.06793791928969406,0.00000004824164446,0.00000003054631323,1,1,-0.8,2.0
consensus,homogeneous,41,0,4,0.5,0.8,0.0,0.3,false,0.05,0.1,0.0,0.05,4725690850412381200.0,15,true,0.0,0.06137397117291357,0.00000004824164446,0.00000003054631323,1,1,-0.8,2.0
consensus,homogeneous,41,0,4,0.5,0.8,0.0,0.3,false,0.05,0.1,0.0,0.05,5956375827241809900.0,15,true,0.0,0.06531877560364258,0.00000004824164446,0.00000003054631323,1,1,-0.8,2.0
consensus,homogeneous,41,0,4,0.5,0.8,0.0,0.3,false,0.05,0.1,0.0,0.05,4898716312282833900.0,15,true,0.0,0.06525615673537558,0.00000004824164446,0.00000003054631323,1,1,-0.8,2.0
consensus,homogeneous,33,0,5,0.3,0.4,0.6,0.2,false,0.1,0.0,0.3,0.2,8151887465685377000.0,20,true,0.0,0.04622539637134963,0.00000260791234582,0.00000142399923896,1,3,0.19999999999999996,0.0
consensus,homogeneous,33,0,5,0.3,0.4,0.6,0.2,false,0.1,0.0,0.3,0.2,3165118706031121400.0,20,true,0.0,0.04405202077849425,0.00000260791234582,0.00000142399923896,1,3,0.19999999999999996,0.0
consensus,homogeneous,33,0,5,0.3,0.4,0.6,0.2,false,0.1,0.0,0.3,0.2,5108037849753243600.0,20,true,0.0,0.04386525443053692,0.00000260791234582,0.00000142399923896,1,3,0.19999999999999996,0.0
consensus,homogeneous,33,0,5,0.3,0.4,0.6,0.2,false,0.1,0.0,0.3,0.2,599260260783050750.0,20,true,0.0,0.04520811435570884,0.00000260791234582,0.00000142399923896,1,3,0.19999999999999996,0.0
consensus,homogeneous,33,0,5,0.3,0.4,0.6,0.2,false,0.1,0.0,0.3,0.2,5576601392690618400.0,20,true,0.0,0.04331811457556413,0.00000260791234582,0.00000142399923896,1,3,0.19999999999999996,0.0
consensus,homogeneous,33,0,5,0.3,0.4,0.6,0.2,false,0.1,0.0,0.3,0.2,7500710846097874900.0,20,true,0.0,0.04483927289990268,0.00000260791234582,0.00000142399923896,1,3,0.19999999999999996,0.0
consensus,homogeneous,33,0,5,0.3,0.4,0.6,0.2,false,0.1,0.0,0.3,0.2,3413911939801646100.0,20,true,0.0,0.04398800396801148,0.00000260791234582,0.00000142399923896,1,3,0.19999999999999996,0.0
consensus,homogeneous,33,0,5,0.3,0.4,0.6,0.2,false,0.1,0.0,0.3,0.2,3794282318118145000.0,20,true,0.0,0.044992502441725,0.00000260791234582,0.00000142399923896,1,3,0.19999999999999996,0.0
consensus,homogeneous,33,0,5,0.3,0.4,0.6,0.2,false,0.1,0.0,0.3,0.2,6603758411652679700.0,20,true,0.0,0.04336100447226199,0.00000260791234582,0.00000142399923896,1,3,0.19999999999999996,0.0
consensus,homogeneous,33,0,5,0.3,0.4,0.6,0.2,false,0.1,0.0,0.3,0.2,7179043909987328000.0,20,true,0.0,0.04537327432416512,0.00000260791234582,0.00000142399923896,1,3,0.19999999999999996,0.0
consensus,homogeneous,33,0,5,0.3,0.4,0.6,0.2,false,0.1,0.0,0.3,0.2,4210327001835109400.0,20,true,0.0,0.04289676305390892,0.00000260791234582,0.00000142399923896,1,3,0.19999999999999996,0.0
consensus,homogeneous,33,0,5,0.3,0.4,0.6,0.2,false,0.1,0.0,0.3,0.2,4432464224430073900.0,20,true,0.0,0.04314153970337431,0.00000260791234582,0.00000142399923896,1,3,0.19999999999999996,0.0
consensus,homogeneous,33,0,5,0.3,0.4,0.6,0.2,false,0.1,0.0,0.3,0.2,5956375827241809900.0,20,true,0.0,0.04661351905541149,0.00000260791234582,0.00000142399923896,1,3,0.19999999999999996,0.0
consensus,homogeneous,33,0,5,0.3,0.4,0.6,0.2,false,0.1,0.0,0.3,0.2,4725690850412381200.0,20,true,0.0,0.04565335869035859,0.00000260791234582,0.00000142399923896,1,3,0.19999999999999996,0.0
consensus,homogeneous,33,0,5,0.3,0.4,0.6,0.2,false,0.1,0.0,0.3,0.2,4898716312282833900.0,20,true,0.0,0.04407804553788144,0.00000260791234582,0.00000142399923896,1,3,0.19999999999999996,0.0
consensus,heterogeneous,16,2,3,0.3,0.6,0.6,0.3,false,0.0,0.2,0.2,0.05,599260260783050750.0,25,true,0.0,0.09607734974890644,0.00000193528291594,0.0000015239883501,1,3,0.0,0.0
consensus,heterogeneous,16,2,3,0.3,0.6,0.6,0.3,false,0.0,0.2,0.2,0.05,8151887465685377000.0,25,true,0.0,0.09114679577522244,0.00000193528291594,0.0000015239883501,1,3,0.0,0.0
consensus,heterogeneous,16,2,3,0.3,0.6,0.6,0.3,false,0.0,0.2,0.2,0.05,3165118706031121400.0,25,true,0.0,0.07564442928334522,0.00000193528291594,0.0000015239883501,1,3,0.0,0.0
consensus,heterogeneous,16,2,3,0.3,0.6,0.6,0.3,false,0.0,0.2,0.2,0.05,5108037849753243600.0,25,true,0.0,0.07572831606004486,0.00000193528291594,0.0000015239883501,1,3,0.0,0.0
consensus,heterogeneous,16,2,3,0.3,0.6,0.6,0.3,false,0.0,0.2,0.2,0.05,3794282318118145000.0,25,true,0.0,0.09803768134786624,0.00000193528291594,0.0000015239883501,1,3,0.0,0.0
consensus,heterogeneous,16,2,3,0.3,0.6,0.6,0.3,false,0.0,0.2,0.2,0.05,3413911939801646100.0,25,true,0.0,0.07153763820030205,0.00000193528291594,0.0000015239883501,1,3,0.0,0.0
consensus,heterogeneous,16,2,3,0.3,0.6,0.6,0.3,false,0.0,0.2,0.2,0.05,5576601392690618400.0,25,true,0.0,0.07259233815436143,0.00000193528291594,0.0000015239883501,1,3,0.0,0.0
consensus,heterogeneous,16,2,3,0.3,0.6,0.6,0.3,false,0.0,0.2,0.2,0.05,7500710846097874900.0,25,true,0.0,0.07114090251096945,0.00000193528291594,0.0000015239883501,1,3,0.0,0.0
consensus,heterogeneous,16,2,3,0.3,0.6,0.6,0.3,false,0.0,0.2,0.2,0.05,6603758411652679700.0,25,true,0.0,0.09148803833798853,0.00000193528291594,0.0000015239883501,1,3,0.0,0.0
consensus,heterogeneous,16,2,3,0.3,0.6,0.6,0.3,false,0.0,0.2,0.2,0.05,4432464224430073900.0,25,true,0.0,0.09344346312880716,0.00000193528291594,0.0000015239883501,1,3,0.0,0.0
consensus,heterogeneous,16,2,3,0.3,0.6,0.6,0.3,false,0.0,0.2,0.2,0.05,7179043909987328000.0,25,true,0.0,0.08807805859389121,0.00000193528291594,0.0000015239883501,1,3,0.0,0.0
consensus,heterogeneous,16,2,3,0.3,0.6,0.6,0.3,false,0.0,0.2,0.2,0.05,4210327001835109400.0,25,true,0.0,0.08220949725290408,0.00000193528291594,0.0000015239883501,1,3,0.0,0.0
consensus,heterogeneous,16,2,3,0.3,0.6,0.6,0.3,false,0.0,0.2,0.2,0.05,4898716312282833900.0,25,true,0.0,0.07010110216718754,0.00000193528291594,0.0000015239883501,1,3,0.0,0.0
consensus,heterogeneous,16,2,3,0.3,0.6,0.6,0.3,false,0.0,0.2,0.2,0.05,4725690850412381200.0,25,true,0.0,0.07993830624933887,0.00000193528291594,0.0000015239883501,1,3,0.0,0.0
consensus,heterogeneous,16,2,3,0.3,0.6,0.6,0.3,false,0.0,0.2,0.2,0.05,5956375827241809900.0,25,true,0.0,0.08067565092063578,0.00000193528291594,0.0000015239883501,1,3,0.0,0.0
consensus,homogeneous,23,0,5,0.2,0.4,0.6,0.3,false,0.0,0.1,0.2,0.05,599260260783050750.0,30,true,0.0,0.06563725870008282,0.00001906718402686,0.00001107064418272,1,4,0.19999999999999996,0.0
consensus,homogeneous,23,0,5,0.2,0.4,0.6,0.3,false,0.0,0.1,0.2,0.05,8151887465685377000.0,35,true,0.0,0.08064748768850785,0.00000664831598359,0.00000386009494453,2,4,0.19999999999999996,0.0
consensus,homogeneous,23,0,5,0.2,0.4,0.6,0.3,false,0.0,0.1,0.2,0.05,5108037849753243600.0,35,true,0.0,0.07179861897927278,0.00000664831598359,0.00000386009494453,1,4,0.19999999999999996,0.0
consensus,homogeneous,23,0,5,0.2,0.4,0.6,0.3,false,0.0,0.1,0.2,0.05,3165118706031121400.0,35,true,0.0,0.07040950180904364,0.00000664831598359,0.00000386009494453,1,4,0.19999999999999996,0.0
consensus,homogeneous,23,0,5,0.2,0.4,0.6,0.3,false,0.0,0.1,0.2,0.05,3794282318118145000.0,30,true,0.0,0.06282760824352375,0.00001906718402686,0.00001107064418272,1,4,0.19999999999999996,0.0
consensus,homogeneous,23,0,5,0.2,0.4,0.6,0.3,false,0.0,0.1,0.2,0.05,3413911939801646100.0,30,true,0.0,0.07527052796804586,0.00001906718402686,0.00001107064418272,1,4,0.19999999999999996,0.0
consensus,homogeneous,23,0,5,0.2,0.4,0.6,0.3,false,0.0,0.1,0.2,0.05,5576601392690618400.0,35,true,0.0,0.07738492350516375,0.00000664831598359,0.00000386009494453,1,4,0.19999999999999996,0.0
consensus,homogeneous,23,0,5,0.2,0.4,0.6,0.3,false,0.0,0.1,0.2,0.05,7500710846097874900.0,35,true,0.0,0.0819366320899282,0.00000664831598359,0.00000386009494453,2,4,0.19999999999999996,0.0
consensus,homogeneous,23,0,5,0.2,0.4,0.6,0.3,false,0.0,0.1,0.2,0.05,7179043909987328000.0,30,true,0.0,0.06176564347124992,0.00001906718402686,0.00001107064418272,1,4,0.19999999999999996,0.0
consensus,homogeneous,23,0,5,0.2,0.4,0.6,0.3,false,0.0,0.1,0.2,0.05,6603758411652679700.0,30,true,0.0,0.0620012780773183,0.00001906718402686,0.00001107064418272,1,4,0.19999999999999996,0.0
consensus,homogeneous,23,0,5,0.2,0.4,0.6,0.3,false,0.0,0.1,0.2,0.05,4210327001835109400.0,35,true,0.0,0.0708670300729373,0.00000664831598359,0.00000386009494453,1,4,0.19999999999999996,0.0
consensus,homogeneous,23,0,5,0.2,0.4,0.6,0.3,false,0.0,0.1,0.2,0.05,4432464224430073900.0,35,true,0.0,0.0651141319272751,0.00000664831598359,0.00000386009494453,1,4,0.19999999999999996,0.0
consensus,homogeneous,23,0,5,0.2,0.4,0.6,0.3,false,0.0,0.1,0.2,0.05,4898716312282833900.0,35,true,0.0,0.08961252071358622,0.00000664831598359,0.00000386009494453,1,4,0.19999999999999996,0.0
consensus,homogeneous,23,0,5,0.2,0.4,0.6,0.3,false,0.0,0.1,0.2,0.05,4725690850412381200.0,35,true,0.0,0.06193232773090136,0.00000664831598359,0.00000386009494453,1,4,0.19999999999999996,0.0
consensus,homogeneous,23,0,5,0.2,0.4,0.6,0.3,false,0.0,0.1,0.2,0.05,5956375827241809900.0,35,true,0.0,0.07517816077058635,0.00000664831598359,0.00000386009494453,1,4,0.19999999999999996,0.0
consensus,unknown,52,0,0,0.3,0.5,0.6,0.1,false,0.1,0.0,0.0,0.2,3165118706031121400.0,100,true,0.0,0.0,0.0,0.0,0,0,0.09999999999999998,0.0
consensus,unknown,52,0,0,0.3,0.5,0.6,0.1,false,0.1,0.0,0.0,0.2,8151887465685377000.0,100,true,0.0,0.0,0.0,0.0,0,0,0.09999999999999998,0.0
consensus,unknown,52,0,0,0.3,0.5,0.6,0.1,false,0.1,0.0,0.0,0.2,5108037849753243600.0,100,true,0.0,0.0,0.0,0.0,0,0,0.09999999999999998,0.0
consensus,unknown,52,0,0,0.3,0.5,0.6,0.1,false,0.1,0.0,0.0,0.2,599260260783050750.0,100,true,0.0,0.0,0.0,0.0,0,0,0.09999999999999998,0.0
consensus,unknown,52,0,0,0.3,0.5,0.6,0.1,false,0.1,0.0,0.0,0.2,3794282318118145000.0,100,true,0.0,0.0,0.0,0.0,0,0,0.09999999999999998,0.0
consensus,unknown,52,0,0,0.3,0.5,0.6,0.1,false,0.1,0.0,0.0,0.2,3413911939801646100.0,100,true,0.0,0.0,0.0,0.0,0,0,0.09999999999999998,0.0
consensus,unknown,52,0,0,0.3,0.5,0.6,0.1,false,0.1,0.0,0.0,0.2,5576601392690618400.0,100,true,0.0,0.0,0.0,0.0,0,0,0.09999999999999998,0.0
consensus,unknown,52,0,0,0.3,0.5,0.6,0.1,false,0.1,0.0,0.0,0.2,7500710846097874900.0,100,true,0.0,0.0,0.0,0.0,0,0,0.09999999999999998,0.0
consensus,unknown,52,0,0,0.3,0.5,0.6,0.1,false,0.1,0.0,0.0,0.2,7179043909987328000.0,100,true,0.0,0.0,0.0,0.0,0,0,0.09999999999999998,0.0
consensus,unknown,52,0,0,0.3,0.5,0.6,0.1,false,0.1,0.0,0.0,0.2,4432464224430073900.0,100,true,0.0,0.0,0.0,0.0,0,0,0.09999999999999998,0.0
consensus,unknown,52,0,0,0.3,0.5,0.6,0.1,false,0.1,0.0,0.0,0.2,6603758411652679700.0,100,true,0.0,0.0,0.0,0.0,0,0,0.09999999999999998,0.0
consensus,unknown,52,0,0,0.3,0.5,0.6,0.1,false,0.1,0.0,0.0,0.2,4210327001835109400.0,100,true,0.0,0.0,0.0,0.0,0,0,0.09999999999999998,0.0
consensus,unknown,52,0,0,0.3,0.5,0.6,0.1,false,0.1,0.0,0.0,0.2,4725690850412381200.0,100,true,0.0,0.0,0.0,0.0,0,0,0.09999999999999998,0.0
consensus,unknown,52,0,0,0.3,0.5,0.6,0.1,false,0.1,0.0,0.0,0.2,4898716312282833900.0,100,true,0.0,0.0,0.0,0.0,0,0,0.09999999999999998,0.0
consensus,unknown,52,0,0,0.3,0.5,0.6,0.1,false,0.1,0.0,0.0,0.2,5956375827241809900.0,100,true,0.0,0.0,0.0,0.0,0,0,0.09999999999999998,0.0
consensus,homogeneous,5,0,6,0.3,0.8,0.8,0.3,false,0.0,0.1,0.2,0.05,8151887465685377000.0,25,true,0.0,0.10611246470304996,0.00000298952072212,0.00000187504164617,1,4,0.0,0.0
consensus,homogeneous,5,0,6,0.3,0.8,0.8,0.3,false,0.0,0.1,0.2,0.05,599260260783050750.0,25,true,0.0,0.10080782745891263,0.00000298952072212,0.00000187504164617,1,4,0.0,0.0
consensus,homogeneous,5,0,6,0.3,0.8,0.8,0.3,false,0.0,0.1,0.2,0.05,5108037849753243600.0,25,true,0.0,0.11837218436512047,0.00000298952072212,0.00000187504164617,1,4,0.0,0.0
consensus,homogeneous,5,0,6,0.3,0.8,0.8,0.3,false,0.0,0.1,0.2,0.05,3165118706031121400.0,25,true,0.0,0.10762960976247278,0.00000298952072212,0.00000187504164617,1,4,0.0,0.0
consensus,homogeneous,5,0,6,0.3,0.8,0.8,0.3,false,0.0,0.1,0.2,0.05,5576601392690618400.0,25,true,0.0,0.10749097610156322,0.00000298952072212,0.00000187504164617,1,4,0.0,0.0
consensus,homogeneous,5,0,6,0.3,0.8,0.8,0.3,false,0.0,0.1,0.2,0.05,3413911939801646100.0,25,true,0.0,0.0928047799735564,0.00000298952072212,0.00000187504164617,1,4,0.0,0.0
consensus,homogeneous,5,0,6,0.3,0.8,0.8,0.3,false,0.0,0.1,0.2,0.05,7500710846097874900.0,25,true,0.0,0.10209946281125624,0.00000298952072212,0.00000187504164617,1,4,0.0,0.0
consensus,homogeneous,5,0,6,0.3,0.8,0.8,0.3,false,0.0,0.1,0.2,0.05,3794282318118145000.0,25,true,0.0,0.11145923270608987,0.00000298952072212,0.00000187504164617,1,4,0.0,0.0
consensus,homogeneous,5,0,6,0.3,0.8,0.8,0.3,false,0.0,0.1,0.2,0.05,7179043909987328000.0,25,true,0.0,0.11928167229024837,0.00000298952072212,0.00000187504164617,1,4,0.0,0.0
consensus,homogeneous,5,0,6,0.3,0.8,0.8,0.3,false,0.0,0.1,0.2,0.05,4210327001835109400.0,25,true,0.0,0.10191350167033812,0.00000298952072212,0.00000187504164617,1,4,0.0,0.0
consensus,homogeneous,5,0,6,0.3,0.8,0.8,0.3,false,0.0,0.1,0.2,0.05,4432464224430073900.0,25,true,0.0,0.10352182803971688,0.00000298952072212,0.00000187504164617,1,4,0.0,0.0
consensus,homogeneous,5,0,6,0.3,0.8,0.8,0.3,false,0.0,0.1,0.2,0.05,6603758411652679700.0,25,true,0.0,0.0859557427536138,0.00000298952072212,0.00000187504164617,1,4,0.0,0.0
consensus,homogeneous,5,0,6,0.3,0.8,0.8,0.3,false,0.0,0.1,0.2,0.05,5956375827241809900.0,25,true,0.0,0.11018741661845055,0.00000298952072212,0.00000187504164617,1,4,0.0,0.0
consensus,homogeneous,5,0,6,0.3,0.8,0.8,0.3,false,0.0,0.1,0.2,0.05,4725690850412381200.0,25,true,0.0,0.08837301306297891,0.00000298952072212,0.00000187504164617,1,4,0.0,0.0
consensus,homogeneous,5,0,6,0.3,0.8,0.8,0.3,false,0.0,0.1,0.2,0.05,4898716312282833900.0,25,true,0.0,0.13764225440416347,0.00000298952072212,0.00000187504164617,1,4,0.0,0.0
consensus,unknown,50,0,0,0.1,0.6,0.5,0.3,false,0.0,0.1,0.3,0.1,599260260783050750.0,100,true,0.0,0.0,0.0,0.0,0,0,-0.09999999999999998,0.0
consensus,unknown,50,0,0,0.1,0.6,0.5,0.3,false,0.0,0.1,0.3,0.1,8151887465685377000.0,100,true,0.0,0.0,0.0,0.0,0,0,-0.09999999999999998,0.0
consensus,unknown,50,0,0,0.1,0.6,0.5,0.3,false,0.0,0.1,0.3,0.1,3165118706031121400.0,100,true,0.0,0.0,0.0,0.0,0,0,-0.09999999999999998,0.0
consensus,unknown,50,0,0,0.1,0.6,0.5,0.3,false,0.0,0.1,0.3,0.1,5108037849753243600.0,100,true,0.0,0.0,0.0,0.0,0,0,-0.09999999999999998,0.0
consensus,unknown,50,0,0,0.1,0.6,0.5,0.3,false,0.0,0.1,0.3,0.1,3413911939801646100.0,100,true,0.0,0.0,0.0,0.0,0,0,-0.09999999999999998,0.0
consensus,unknown,50,0,0,0.1,0.6,0.5,0.3,false,0.0,0.1,0.3,0.1,3794282318118145000.0,100,true,0.0,0.0,0.0,0.0,0,0,-0.09999999999999998,0.0
consensus,unknown,50,0,0,0.1,0.6,0.5,0.3,false,0.0,0.1,0.3,0.1,7500710846097874900.0,100,true,0.0,0.0,0.0,0.0,0,0,-0.09999999999999998,0.0
consensus,unknown,50,0,0,0.1,0.6,0.5,0.3,false,0.0,0.1,0.3,0.1,5576601392690618400.0,100,true,0.0,0.0,0.0,0.0,0,0,-0.09999999999999998,0.0
consensus,unknown,50,0,0,0.1,0.6,0.5,0.3,false,0.0,0.1,0.3,0.1,6603758411652679700.0,100,true,0.0,0.0,0.0,0.0,0,0,-0.09999999999999998,0.0
consensus,unknown,50,0,0,0.1,0.6,0.5,0.3,false,0.0,0.1,0.3,0.1,4210327001835109400.0,100,true,0.0,0.0,0.0,0.0,0,0,-0.09999999999999998,0.0
consensus,unknown,50,0,0,0.1,0.6,0.5,0.3,false,0.0,0.1,0.3,0.1,4432464224430073900.0,100,true,0.0,0.0,0.0,0.0,0,0,-0.09999999999999998,0.0
consensus,unknown,50,0,0,0.1,0.6,0.5,0.3,false,0.0,0.1,0.3,0.1,7179043909987328000.0,100,true,0.0,0.0,0.0,0.0,0,0,-0.09999999999999998,0.0
consensus,unknown,50,0,0,0.1,0.6,0.5,0.3,false,0.0,0.1,0.3,0.1,4898716312282833900.0,100,true,0.0,0.0,0.0,0.0,0,0,-0.09999999999999998,0.0
consensus,unknown,50,0,0,0.1,0.6,0.5,0.3,false,0.0,0.1,0.3,0.1,4725690850412381200.0,100,true,0.0,0.0,0.0,0.0,0,0,-0.09999999999999998,0.0
consensus,unknown,50,0,0,0.1,0.6,0.5,0.3,false,0.0,0.1,0.3,0.1,5956375827241809900.0,100,true,0.0,0.0,0.0,0.0,0,0,-0.09999999999999998,0.0
consensus,heterogeneous,3,3,3,0.5,0.6,0.0,0.1,false,0.0,0.1,0.0,0.2,8151887465685377000.0,20,true,0.0,0.15434433968483438,0.00000020440388301,0.00000015298296732,1,4,-0.6,3.0
consensus,heterogeneous,3,3,3,0.5,0.6,0.0,0.1,false,0.0,0.1,0.0,0.2,599260260783050750.0,20,true,0.0,0.15434433968483438,0.00000020440388301,0.00000015298296732,2,4,-0.6,3.0
consensus,heterogeneous,3,3,3,0.5,0.6,0.0,0.1,false,0.0,0.1,0.0,0.2,5108037849753243600.0,20,true,0.0,0.1776529173199309,0.00000020440388301,0.00000015298296732,1,4,-0.6,3.0
consensus,heterogeneous,3,3,3,0.5,0.6,0.0,0.1,false,0.0,0.1,0.0,0.2,3165118706031121400.0,20,true,0.0,0.15434433968483435,0.00000020440388301,0.00000015298296732,1,4,-0.6,3.0
consensus,heterogeneous,3,3,3,0.5,0.6,0.0,0.1,false,0.0,0.1,0.0,0.2,5576601392690618400.0,20,true,0.0,0.15434433968483438,0.00000020440388301,0.00000015298296732,1,4,-0.6,3.0
consensus,heterogeneous,3,3,3,0.5,0.6,0.0,0.1,false,0.0,0.1,0.0,0.2,7500710846097874900.0,20,true,0.0,0.15434433968483435,0.00000020440388301,0.00000015298296732,1,4,-0.6,3.0
consensus,heterogeneous,3,3,3,0.5,0.6,0.0,0.1,false,0.0,0.1,0.0,0.2,3413911939801646100.0,20,true,0.0,0.15434433968483435,0.00000020440388301,0.00000015298296732,1,4,-0.6,3.0
consensus,heterogeneous,3,3,3,0.5,0.6,0.0,0.1,false,0.0,0.1,0.0,0.2,3794282318118145000.0,20,true,0.0,0.15434433968483435,0.00000020440388301,0.00000015298296732,1,4,-0.6,3.0
consensus,heterogeneous,3,3,3,0.5,0.6,0.0,0.1,false,0.0,0.1,0.0,0.2,7179043909987328000.0,20,true,0.0,0.21841884335159892,0.00000020440388301,0.00000015298296732,1,4,-0.6,3.0
consensus,heterogeneous,3,3,3,0.5,0.6,0.0,0.1,false,0.0,0.1,0.0,0.2,6603758411652679700.0,20,true,0.0,0.15434433968483438,0.00000020440388301,0.00000015298296732,1,4,-0.6,3.0
consensus,heterogeneous,3,3,3,0.5,0.6,0.0,0.1,false,0.0,0.1,0.0,0.2,4432464224430073900.0,20,true,0.0,0.15434433968483435,0.00000020440388301,0.00000015298296732,1,4,-0.6,3.0
consensus,heterogeneous,3,3,3,0.5,0.6,0.0,0.1,false,0.0,0.1,0.0,0.2,4210327001835109400.0,20,true,0.0,0.15434433968483438,0.00000020440388301,0.00000015298296732,1,4,-0.6,3.0
consensus,heterogeneous,3,3,3,0.5,0.6,0.0,0.1,false,0.0,0.1,0.0,0.2,4898716312282833900.0,20,true,0.0,0.15434433968483438,0.00000020440388301,0.00000015298296732,1,4,-0.6,3.0
consensus,heterogeneous,3,3,3,0.5,0.6,0.0,0.1,false,0.0,0.1,0.0,0.2,4725690850412381200.0,20,true,0.0,0.15434433968483438,0.00000020440388301,0.00000015298296732,1,4,-0.6,3.0
consensus,heterogeneous,3,3,3,0.5,0.6,0.0,0.1,false,0.0,0.1,0.0,0.2,5956375827241809900.0,20,true,0.0,0.15434433968483438,0.00000020440388301,0.00000015298296732,1,4,-0.6,3.0
consensus,homogeneous,42,0,4,0.5,0.2,0.0,0.3,false,0.0,0.1,0.0,0.0,8151887465685377000.0,15,true,0.0,0.0360696856446507,0.00000012880418146,0.00000007299791373,1,1,-0.2,2.0
consensus,homogeneous,42,0,4,0.5,0.2,0.0,0.3,false,0.0,0.1,0.0,0.0,5108037849753243600.0,15,true,0.0,0.03580712821355887,0.00000012880418146,0.00000007299791373,1,1,-0.2,2.0
consensus,homogeneous,42,0,4,0.5,0.2,0.0,0.3,false,0.0,0.1,0.0,0.0,3165118706031121400.0,15,true,0.0,0.03580712821355887,0.00000012880418146,0.00000007299791373,1,1,-0.2,2.0
consensus,homogeneous,42,0,4,0.5,0.2,0.0,0.3,false,0.0,0.1,0.0,0.0,599260260783050750.0,15,true,0.0,0.04536256589664049,0.00000012880418146,0.00000007299791373,1,1,-0.2,2.0
consensus,homogeneous,42,0,4,0.5,0.2,0.0,0.3,false,0.0,0.1,0.0,0.0,5576601392690618400.0,15,true,0.0,0.03849971218052679,0.00000012880418146,0.00000007299791373,1,1,-0.2,2.0
consensus,homogeneous,42,0,4,0.5,0.2,0.0,0.3,false,0.0,0.1,0.0,0.0,3794282318118145000.0,15,true,0.0,0.03580712821355887,0.00000012880418146,0.00000007299791373,1,1,-0.2,2.0
consensus,homogeneous,42,0,4,0.5,0.2,0.0,0.3,false,0.0,0.1,0.0,0.0,3413911939801646100.0,15,true,0.0,0.04300458623341312,0.00000012880418146,0.00000007299791373,1,1,-0.2,2.0
consensus,homogeneous,42,0,4,0.5,0.2,0.0,0.3,false,0.0,0.1,0.0,0.0,7500710846097874900.0,15,true,0.0,0.0436051450481804,0.00000012880418146,0.00000007299791373,1,1,-0.2,2.0
consensus,homogeneous,42,0,4,0.5,0.2,0.0,0.3,false,0.0,0.1,0.0,0.0,6603758411652679700.0,15,true,0.0,0.0363501434225058,0.00000012880418146,0.00000007299791373,1,1,-0.2,2.0
consensus,homogeneous,42,0,4,0.5,0.2,0.0,0.3,false,0.0,0.1,0.0,0.0,4210327001835109400.0,15,true,0.0,0.03593818119157667,0.00000012880418146,0.00000007299791373,1,1,-0.2,2.0
consensus,homogeneous,42,0,4,0.5,0.2,0.0,0.3,false,0.0,0.1,0.0,0.0,7179043909987328000.0,15,true,0.0,0.03580712821355887,0.00000012880418146,0.00000007299791373,1,1,-0.2,2.0
consensus,homogeneous,42,0,4,0.5,0.2,0.0,0.3,false,0.0,0.1,0.0,0.0,4432464224430073900.0,15,true,0.0,0.03821192950588871,0.00000012880418146,0.00000007299791373,1,1,-0.2,2.0
consensus,homogeneous,42,0,4,0.5,0.2,0.0,0.3,false,0.0,0.1,0.0,0.0,5956375827241809900.0,15,true,0.0,0.0358071282135589,0.00000012880418146,0.00000007299791373,1,1,-0.2,2.0
consensus,homogeneous,42,0,4,0.5,0.2,0.0,0.3,false,0.0,0.1,0.0,0.0,4725690850412381200.0,15,true,0.0,0.04953748179839217,0.00000012880418146,0.00000007299791373,1,1,-0.2,2.0
consensus,homogeneous,42,0,4,0.5,0.2,0.0,0.3,false,0.0,0.1,0.0,0.0,4898716312282833900.0,15,true,0.0,0.04528331218716634,0.00000012880418146,0.00000007299791373,1,1,-0.2,2.0
consensus,heterogeneous,43,2,2,0.3,0.2,0.0,0.1,false,0.0,0.2,0.2,0.2,8151887465685377000.0,25,true,0.0,0.1786158104967312,0.00000610091352469,0.00000285157648399,2,4,-0.2,2.0
consensus,heterogeneous,43,2,2,0.3,0.2,0.0,0.1,false,0.0,0.2,0.2,0.2,3165118706031121400.0,25,true,0.0,0.1786158104967312,0.00000610091352469,0.00000285157648399,1,4,-0.2,2.0
consensus,heterogeneous,43,2,2,0.3,0.2,0.0,0.1,false,0.0,0.2,0.2,0.2,5108037849753243600.0,25,true,0.0,0.17861581049673123,0.00000610091352469,0.00000285157648399,1,4,-0.2,2.0
consensus,heterogeneous,43,2,2,0.3,0.2,0.0,0.1,false,0.0,0.2,0.2,0.2,599260260783050750.0,25,true,0.0,0.17861581049673125,0.00000610091352469,0.00000285157648399,1,4,-0.2,2.0
consensus,heterogeneous,43,2,2,0.3,0.2,0.0,0.1,false,0.0,0.2,0.2,0.2,3794282318118145000.0,30,true,0.0,0.17985584526606296,0.00000120111371611,0.00000056140242172,1,4,-0.2,2.0
consensus,heterogeneous,43,2,2,0.3,0.2,0.0,0.1,false,0.0,0.2,0.2,0.2,5576601392690618400.0,30,true,0.0,0.17985584526606296,0.00000120111371611,0.00000056140242172,1,4,-0.2,2.0
consensus,heterogeneous,43,2,2,0.3,0.2,0.0,0.1,false,0.0,0.2,0.2,0.2,7500710846097874900.0,30,true,0.0,0.17985584526606296,0.00000120111371611,0.00000056140242172,1,4,-0.2,2.0
consensus,heterogeneous,43,2,2,0.3,0.2,0.0,0.1,false,0.0,0.2,0.2,0.2,3413911939801646100.0,30,true,0.0,0.17985584526606296,0.00000120111371611,0.00000056140242172,1,4,-0.2,2.0
consensus,heterogeneous,43,2,2,0.3,0.2,0.0,0.1,false,0.0,0.2,0.2,0.2,6603758411652679700.0,25,true,0.0,0.1786158104967312,0.00000610091352469,0.00000285157648399,1,4,-0.2,2.0
consensus,heterogeneous,43,2,2,0.3,0.2,0.0,0.1,false,0.0,0.2,0.2,0.2,7179043909987328000.0,25,true,0.0,0.17861581049673123,0.00000610091352469,0.00000285157648399,1,4,-0.2,2.0
consensus,heterogeneous,43,2,2,0.3,0.2,0.0,0.1,false,0.0,0.2,0.2,0.2,4210327001835109400.0,30,true,0.0,0.17985584526606296,0.00000120111371611,0.00000056140242172,1,4,-0.2,2.0
consensus,heterogeneous,43,2,2,0.3,0.2,0.0,0.1,false,0.0,0.2,0.2,0.2,4432464224430073900.0,30,true,0.0,0.179855845266063,0.00000120111371611,0.00000056140242172,1,4,-0.2,2.0
consensus,heterogeneous,43,2,2,0.3,0.2,0.0,0.1,false,0.0,0.2,0.2,0.2,4898716312282833900.0,25,true,0.0,0.17861581049673123,0.00000610091352469,0.00000285157648399,1,4,-0.2,2.0
consensus,heterogeneous,43,2,2,0.3,0.2,0.0,0.1,false,0.0,0.2,0.2,0.2,5956375827241809900.0,25,true,0.0,0.17861581049673125,0.00000610091352469,0.00000285157648399,1,4,-0.2,2.0
consensus,heterogeneous,43,2,2,0.3,0.2,0.0,0.1,false,0.0,0.2,0.2,0.2,4725690850412381200.0,30,true,0.0,0.17985584526606296,0.00000120111371611,0.00000056140242172,1,4,-0.2,2.0
consensus,unknown,55,0,0,0.1,0.2,0.5,0.1,false,0.05,0.0,0.2,0.0,8151887465685377000.0,100,true,0.0,0.0,0.0,0.0,0,0,0.3,0.0
consensus,unknown,55,0,0,0.1,0.2,0.5,0.1,false,0.05,0.0,0.2,0.0,5108037849753243600.0,100,true,0.0,0.0,0.0,0.0,0,0,0.3,0.0
consensus,unknown,55,0,0,0.1,0.2,0.5,0.1,false,0.05,0.0,0.2,0.0,3165118706031121400.0,100,true,0.0,0.0,0.0,0.0,0,0,0.3,0.0
consensus,unknown,55,0,0,0.1,0.2,0.5,0.1,false,0.05,0.0,0.2,0.0,599260260783050750.0,100,true,0.0,0.0,0.0,0.0,0,0,0.3,0.0
consensus,unknown,55,0,0,0.1,0.2,0.5,0.1,false,0.05,0.0,0.2,0.0,7500710846097874900.0,100,true,0.0,0.0,0.0,0.0,0,0,0.3,0.0
consensus,unknown,55,0,0,0.1,0.2,0.5,0.1,false,0.05,0.0,0.2,0.0,5576601392690618400.0,100,true,0.0,0.0,0.0,0.0,0,0,0.3,0.0
consensus,unknown,55,0,0,0.1,0.2,0.5,0.1,false,0.05,0.0,0.2,0.0,3794282318118145000.0,100,true,0.0,0.0,0.0,0.0,0,0,0.3,0.0
consensus,unknown,55,0,0,0.1,0.2,0.5,0.1,false,0.05,0.0,0.2,0.0,3413911939801646100.0,100,true,0.0,0.0,0.0,0.0,0,0,0.3,0.0
consensus,unknown,55,0,0,0.1,0.2,0.5,0.1,false,0.05,0.0,0.2,0.0,4210327001835109400.0,100,true,0.0,0.0,0.0,0.0,0,0,0.3,0.0
consensus,unknown,55,0,0,0.1,0.2,0.5,0.1,false,0.05,0.0,0.2,0.0,4432464224430073900.0,100,true,0.0,0.0,0.0,0.0,0,0,0.3,0.0
consensus,unknown,55,0,0,0.1,0.2,0.5,0.1,false,0.05,0.0,0.2,0.0,7179043909987328000.0,100,true,0.0,0.0,0.0,0.0,0,0,0.3,0.0
consensus,unknown,55,0,0,0.1,0.2,0.5,0.1,false,0.05,0.0,0.2,0.0,6603758411652679700.0,100,true,0.0,0.0,0.0,0.0,0,0,0.3,0.0
consensus,unknown,55,0,0,0.1,0.2,0.5,0.1,false,0.05,0.0,0.2,0.0,4898716312282833900.0,100,true,0.0,0.0,0.0,0.0,0,0,0.3,0.0
consensus,unknown,55,0,0,0.1,0.2,0.5,0.1,false,0.05,0.0,0.2,0.0,5956375827241809900.0,100,true,0.0,0.0,0.0,0.0,0,0,0.3,0.0
consensus,unknown,55,0,0,0.1,0.2,0.5,0.1,false,0.05,0.0,0.2,0.0,4725690850412381200.0,100,true,0.0,0.0,0.0,0.0,0,0,0.3,0.0
consensus,heterogeneous,13,3,3,0.1,0.8,0.2,0.2,false,0.2,0.0,0.1,0.1,8151887465685377000.0,45,true,0.0,0.07976702815401727,0.00009720888603846,0.00006871755157895,1,4,-0.6000000000000001,0.0
consensus,heterogeneous,13,3,3,0.1,0.8,0.2,0.2,false,0.2,0.0,0.1,0.1,599260260783050750.0,45,true,0.0,0.08033460252552214,0.00009720888603846,0.00006871755157895,1,4,-0.6000000000000001,0.0
consensus,heterogeneous,13,3,3,0.1,0.8,0.2,0.2,false,0.2,0.0,0.1,0.1,3165118706031121400.0,45,true,0.0,0.07976702815401722,0.00009720888603846,0.00006871755157895,1,4,-0.6000000000000001,0.0
consensus,heterogeneous,13,3,3,0.1,0.8,0.2,0.2,false,0.2,0.0,0.1,0.1,5108037849753243600.0,50,true,0.0,0.08383928304579989,0.00005820255089344,0.00004114373650433,1,4,-0.6000000000000001,0.0
consensus,heterogeneous,13,3,3,0.1,0.8,0.2,0.2,false,0.2,0.0,0.1,0.1,3413911939801646100.0,45,true,0.0,0.08648651844630888,0.00009720888603846,0.00006871755157895,1,4,-0.6000000000000001,0.0
consensus,heterogeneous,13,3,3,0.1,0.8,0.2,0.2,false,0.2,0.0,0.1,0.1,3794282318118145000.0,45,true,0.0,0.0797670281540172,0.00009720888603846,0.00006871755157895,1,4,-0.6000000000000001,0.0
consensus,heterogeneous,13,3,3,0.1,0.8,0.2,0.2,false,0.2,0.0,0.1,0.1,5576601392690618400.0,50,true,0.0,0.08149019103349088,0.00005820255089344,0.00004114373650433,1,4,-0.6000000000000001,0.0
consensus,heterogeneous,13,3,3,0.1,0.8,0.2,0.2,false,0.2,0.0,0.1,0.1,7500710846097874900.0,55,true,0.0,0.0828235416218352,0.0000348480171778,0.00002463427486344,1,4,-0.6000000000000001,0.0
consensus,heterogeneous,13,3,3,0.1,0.8,0.2,0.2,false,0.2,0.0,0.1,0.1,4432464224430073900.0,45,true,0.0,0.08114807810997642,0.00009720888603846,0.00006871755157895,1,4,-0.6000000000000001,0.0
consensus,heterogeneous,13,3,3,0.1,0.8,0.2,0.2,false,0.2,0.0,0.1,0.1,4210327001835109400.0,45,true,0.0,0.08123545075832868,0.00009720888603846,0.00006871755157895,1,4,-0.6000000000000001,0.0
consensus,heterogeneous,13,3,3,0.1,0.8,0.2,0.2,false,0.2,0.0,0.1,0.1,6603758411652679700.0,50,true,0.0,0.08149019103349094,0.00005820255089344,0.00004114373650433,1,4,-0.6000000000000001,0.0
consensus,heterogeneous,13,3,3,0.1,0.8,0.2,0.2,false,0.2,0.0,0.1,0.1,7179043909987328000.0,50,true,0.0,0.08369831302245904,0.00005820255089344,0.00004114373650433,1,4,-0.6000000000000001,0.0
consensus,heterogeneous,13,3,3,0.1,0.8,0.2,0.2,false,0.2,0.0,0.1,0.1,4898716312282833900.0,45,true,0.0,0.08119574511620985,0.00009720888603846,0.00006871755157895,1,4,-0.6000000000000001,0.0
consensus,heterogeneous,13,3,3,0.1,0.8,0.2,0.2,false,0.2,0.0,0.1,0.1,5956375827241809900.0,50,true,0.0,0.08149019103349092,0.00005820255089344,0.00004114373650433,1,4,-0.6000000000000001,0.0
consensus,heterogeneous,13,3,3,0.1,0.8,0.2,0.2,false,0.2,0.0,0.1,0.1,4725690850412381200.0,50,true,0.0,0.0827964185378856,0.00005820255089344,0.00004114373650433,1,4,-0.6000000000000001,0.0
consensus,homogeneous,33,0,5,0.2,0.5,0.8,0.2,false,0.05,0.0,0.1,0.0,5108037849753243600.0,30,true,0.0,0.04356141641261616,0.00000349730650383,0.00000190963542461,1,3,0.30000000000000004,0.0
consensus,homogeneous,33,0,5,0.2,0.5,0.8,0.2,false,0.05,0.0,0.1,0.0,3165118706031121400.0,20,true,0.0,0.04129358553832731,0.00002876626697456,0.00001570725425078,1,3,0.30000000000000004,0.0
consensus,homogeneous,33,0,5,0.2,0.5,0.8,0.2,false,0.05,0.0,0.1,0.0,599260260783050750.0,30,true,0.0,0.04448590321262744,0.00000349730650383,0.00000190963542461,1,3,0.30000000000000004,0.0
consensus,homogeneous,33,0,5,0.2,0.5,0.8,0.2,false,0.05,0.0,0.1,0.0,8151887465685377000.0,30,true,0.0,0.0456060624073746,0.00000349730650383,0.00000190963542461,1,3,0.30000000000000004,0.0
consensus,homogeneous,33,0,5,0.2,0.5,0.8,0.2,false,0.05,0.0,0.1,0.0,3413911939801646100.0,25,true,0.0,0.04234362741383937,0.00001003017709619,0.00000547678091042,1,3,0.30000000000000004,0.0
consensus,homogeneous,33,0,5,0.2,0.5,0.8,0.2,false,0.05,0.0,0.1,0.0,5576601392690618400.0,25,true,0.0,0.04193813060496714,0.00001003017709619,0.00000547678091042,1,3,0.30000000000000004,0.0
consensus,homogeneous,33,0,5,0.2,0.5,0.8,0.2,false,0.05,0.0,0.1,0.0,7500710846097874900.0,25,true,0.0,0.04374600378431933,0.00001003017709619,0.00000547678091042,1,3,0.30000000000000004,0.0
consensus,homogeneous,33,0,5,0.2,0.5,0.8,0.2,false,0.05,0.0,0.1,0.0,3794282318118145000.0,25,true,0.0,0.04242407627130177,0.00001003017709619,0.00000547678091042,1,3,0.30000000000000004,0.0
consensus,homogeneous,33,0,5,0.2,0.5,0.8,0.2,false,0.05,0.0,0.1,0.0,7179043909987328000.0,20,true,0.0,0.04118660136658266,0.00002876626697456,0.00001570725425078,1,3,0.30000000000000004,0.0
consensus,homogeneous,33,0,5,0.2,0.5,0.8,0.2,false,0.05,0.0,0.1,0.0,4432464224430073900.0,25,true,0.0,0.0417372755270639,0.00001003017709619,0.00000547678091042,1,3,0.30000000000000004,0.0
consensus,homogeneous,33,0,5,0.2,0.5,0.8,0.2,false,0.05,0.0,0.1,0.0,4210327001835109400.0,25,true,0.0,0.04193110282309827,0.00001003017709619,0.00000547678091042,1,3,0.30000000000000004,0.0
consensus,homogeneous,33,0,5,0.2,0.5,0.8,0.2,false,0.05,0.0,0.1,0.0,6603758411652679700.0,30,true,0.0,0.04287586190516299,0.00000349730650383,0.00000190963542461,1,3,0.30000000000000004,0.0
consensus,homogeneous,33,0,5,0.2,0.5,0.8,0.2,false,0.05,0.0,0.1,0.0,4725690850412381200.0,20,true,0.0,0.04164994648173729,0.00002876626697456,0.00001570725425078,1,3,0.30000000000000004,0.0
consensus,homogeneous,33,0,5,0.2,0.5,0.8,0.2,false,0.05,0.0,0.1,0.0,5956375827241809900.0,25,true,0.0,0.04368178709735404,0.00001003017709619,0.00000547678091042,1,3,0.30000000000000004,0.0
consensus,homogeneous,33,0,5,0.2,0.5,0.8,0.2,false,0.05,0.0,0.1,0.0,4898716312282833900.0,30,true,0.0,0.04448688275545454,0.00000349730650383,0.00000190963542461,1,3,0.30000000000000004,0.0
consensus,homogeneous,42,0,4,0.1,0.2,0.0,0.3,false,0.1,0.3,0.1,0.05,599260260783050750.0,20,true,0.0,0.03682507370834219,0.00014871711630149,0.00008428328259881,1,1,-0.2,2.0
consensus,homogeneous,42,0,4,0.1,0.2,0.0,0.3,false,0.1,0.3,0.1,0.05,5108037849753243600.0,30,true,0.0,0.03958829230431152,0.00005331299261528,0.00003021437030606,1,1,-0.2,2.0
consensus,homogeneous,42,0,4,0.1,0.2,0.0,0.3,false,0.1,0.3,0.1,0.05,8151887465685377000.0,35,true,0.0,0.03741436079856683,0.00003192045802011,0.00001809045959806,1,1,-0.2,2.0
consensus,homogeneous,42,0,4,0.1,0.2,0.0,0.3,false,0.1,0.3,0.1,0.05,3165118706031121400.0,35,true,0.0,0.03489617041453676,0.00003192045802011,0.00001809045959806,1,1,-0.2,2.0
consensus,homogeneous,42,0,4,0.1,0.2,0.0,0.3,false,0.1,0.3,0.1,0.05,3413911939801646100.0,20,true,0.0,0.0395597882005094,0.00014871711630149,0.00008428328259881,1,1,-0.2,2.0
consensus,homogeneous,42,0,4,0.1,0.2,0.0,0.3,false,0.1,0.3,0.1,0.05,5576601392690618400.0,20,true,0.0,0.03644694745233611,0.00014871711630149,0.00008428328259881,1,1,-0.2,2.0
consensus,homogeneous,42,0,4,0.1,0.2,0.0,0.3,false,0.1,0.3,0.1,0.05,7500710846097874900.0,25,true,0.0,0.03917530905730557,0.00008904243102671,0.00005046351465218,1,1,-0.2,2.0
consensus,homogeneous,42,0,4,0.1,0.2,0.0,0.3,false,0.1,0.3,0.1,0.05,3794282318118145000.0,25,true,0.0,0.03449693769360401,0.00008904243102671,0.00005046351465218,1,1,-0.2,2.0
consensus,homogeneous,42,0,4,0.1,0.2,0.0,0.3,false,0.1,0.3,0.1,0.05,4432464224430073900.0,25,true,0.0,0.03691773542332075,0.00008904243102671,0.00005046351465218,1,1,-0.2,2.0
consensus,homogeneous,42,0,4,0.1,0.2,0.0,0.3,false,0.1,0.3,0.1,0.05,4210327001835109400.0,25,true,0.0,0.0365249643571519,0.00008904243102671,0.00005046351465218,1,1,-0.2,2.0
consensus,homogeneous,42,0,4,0.1,0.2,0.0,0.3,false,0.1,0.3,0.1,0.05,6603758411652679700.0,35,true,0.0,0.03473828693006199,0.00003192045802011,0.00001809045959806,1,1,-0.2,2.0
consensus,homogeneous,42,0,4,0.1,0.2,0.0,0.3,false,0.1,0.3,0.1,0.05,7179043909987328000.0,35,true,0.0,0.03663248356197665,0.00003192045802011,0.00001809045959806,1,1,-0.2,2.0
consensus,homogeneous,42,0,4,0.1,0.2,0.0,0.3,false,0.1,0.3,0.1,0.05,4898716312282833900.0,20,true,0.0,0.04314757825308885,0.00014871711630149,0.00008428328259881,1,1,-0.2,2.0
consensus,homogeneous,42,0,4,0.1,0.2,0.0,0.3,false,0.1,0.3,0.1,0.05,4725690850412381200.0,25,true,0.0,0.04079527970449796,0.00008904243102671,0.00005046351465218,1,1,-0.2,2.0
consensus,homogeneous,42,0,4,0.1,0.2,0.0,0.3,false,0.1,0.3,0.1,0.05,5956375827241809900.0,30,true,0.0,0.03569625405193054,0.00005331299261528,0.00003021437030606,1,1,-0.2,2.0
consensus,homogeneous,38,0,6,0.3,0.6,0.5,0.3,false,0.05,0.0,0.0,0.0,8151887465685377000.0,20,true,0.0,0.07316692053879041,0.00000869954380859,0.00000537333597996,1,3,-0.09999999999999998,0.0
consensus,homogeneous,38,0,6,0.3,0.6,0.5,0.3,false,0.05,0.0,0.0,0.0,3165118706031121400.0,25,true,0.0,0.07710874924939633,0.00000171271750535,0.00000105787232038,1,3,-0.09999999999999998,0.0
consensus,homogeneous,38,0,6,0.3,0.6,0.5,0.3,false,0.05,0.0,0.0,0.0,599260260783050750.0,25,true,0.0,0.06687061211331863,0.00000171271750535,0.00000105787232038,1,3,-0.09999999999999998,0.0
consensus,homogeneous,38,0,6,0.3,0.6,0.5,0.3,false,0.05,0.0,0.0,0.0,5108037849753243600.0,25,true,0.0,0.08183914303988404,0.00000171271750535,0.00000105787232038,1,3,-0.09999999999999998,0.0
consensus,homogeneous,38,0,6,0.3,0.6,0.5,0.3,false,0.05,0.0,0.0,0.0,3794282318118145000.0,25,true,0.0,0.06944062111232663,0.00000171271750535,0.00000105787232038,1,3,-0.09999999999999998,0.0
consensus,homogeneous,38,0,6,0.3,0.6,0.5,0.3,false,0.05,0.0,0.0,0.0,3413911939801646100.0,25,true,0.0,0.07024823069834935,0.00000171271750535,0.00000105787232038,1,3,-0.09999999999999998,0.0
consensus,homogeneous,38,0,6,0.3,0.6,0.5,0.3,false,0.05,0.0,0.0,0.0,7500710846097874900.0,25,true,0.0,0.07968933826048238,0.00000171271750535,0.00000105787232038,1,3,-0.09999999999999998,0.0
consensus,homogeneous,38,0,6,0.3,0.6,0.5,0.3,false,0.05,0.0,0.0,0.0,5576601392690618400.0,25,true,0.0,0.06710536570608842,0.00000171271750535,0.00000105787232038,1,3,-0.09999999999999998,0.0
consensus,homogeneous,38,0,6,0.3,0.6,0.5,0.3,false,0.05,0.0,0.0,0.0,6603758411652679700.0,25,true,0.0,0.07043057140248107,0.00000171271750535,0.00000105787232038,1,3,-0.09999999999999998,0.0
consensus,homogeneous,38,0,6,0.3,0.6,0.5,0.3,false,0.05,0.0,0.0,0.0,4432464224430073900.0,25,true,0.0,0.06816659915293986,0.00000171271750535,0.00000105787232038,1,3,-0.09999999999999998,0.0
consensus,homogeneous,38,0,6,0.3,0.6,0.5,0.3,false,0.05,0.0,0.0,0.0,4210327001835109400.0,25,true,0.0,0.06314964627624227,0.00000171271750535,0.00000105787232038,1,3,-0.09999999999999998,0.0
consensus,homogeneous,38,0,6,0.3,0.6,0.5,0.3,false,0.05,0.0,0.0,0.0,7179043909987328000.0,25,true,0.0,0.08396913563015278,0.00000171271750535,0.00000105787232038,1,3,-0.09999999999999998,0.0
consensus,homogeneous,38,0,6,0.3,0.6,0.5,0.3,false,0.05,0.0,0.0,0.0,4898716312282833900.0,25,true,0.0,0.07528546083926378,0.00000171271750535,0.00000105787232038,1,3,-0.09999999999999998,0.0
consensus,homogeneous,38,0,6,0.3,0.6,0.5,0.3,false,0.05,0.0,0.0,0.0,5956375827241809900.0,25,true,0.0,0.07472223800263812,0.00000171271750535,0.00000105787232038,1,3,-0.09999999999999998,0.0
consensus,homogeneous,38,0,6,0.3,0.6,0.5,0.3,false,0.05,0.0,0.0,0.0,4725690850412381200.0,25,true,0.0,0.05779319836985188,0.00000171271750535,0.00000105787232038,2,3,-0.09999999999999998,0.0
consensus,heterogeneous,12,3,3,0.1,0.6,0.0,0.1,false,0.05,0.1,0.1,0.1,5108037849753243600.0,55,true,0.0,0.15826577559620794,0.00010490035539028,0.00006622778475552,2,5,-0.6,3.0
consensus,heterogeneous,12,3,3,0.1,0.6,0.0,0.1,false,0.05,0.1,0.1,0.1,599260260783050750.0,60,true,0.0,0.16029713110764884,0.00006280771771139,0.00003965302113706,1,5,-0.6,3.0
consensus,heterogeneous,12,3,3,0.1,0.6,0.0,0.1,false,0.05,0.1,0.1,0.1,8151887465685377000.0,60,true,0.0,0.1602971311076489,0.00006280771771139,0.00003965302113706,1,5,-0.6,3.0
consensus,heterogeneous,12,3,3,0.1,0.6,0.0,0.1,false,0.05,0.1,0.1,0.1,3165118706031121400.0,60,true,0.0,0.16029713110764887,0.00006280771771139,0.00003965302113706,1,5,-0.6,3.0
consensus,heterogeneous,12,3,3,0.1,0.6,0.0,0.1,false,0.05,0.1,0.1,0.1,7500710846097874900.0,60,true,0.0,0.16029713110764876,0.0000628077177114,0.00003965302113706,1,5,-0.6,3.0
consensus,heterogeneous,12,3,3,0.1,0.6,0.0,0.1,false,0.05,0.1,0.1,0.1,3794282318118145000.0,60,true,0.0,0.1602971311076489,0.00006280771771139,0.00003965302113706,1,5,-0.6,3.0
consensus,heterogeneous,12,3,3,0.1,0.6,0.0,0.1,false,0.05,0.1,0.1,0.1,3413911939801646100.0,65,true,0.0,0.16186895527968745,0.00003760530066307,0.00002374172850716,1,5,-0.6,3.0
consensus,heterogeneous,12,3,3,0.1,0.6,0.0,0.1,false,0.05,0.1,0.1,0.1,5576601392690618400.0,65,true,0.0,0.1618689552796874,0.00003760530066307,0.00002374172850716,1,5,-0.6,3.0
consensus,heterogeneous,12,3,3,0.1,0.6,0.0,0.1,false,0.05,0.1,0.1,0.1,4432464224430073900.0,60,true,0.0,0.16029713110764887,0.00006280771771139,0.00003965302113706,1,5,-0.6,3.0
consensus,heterogeneous,12,3,3,0.1,0.6,0.0,0.1,false,0.05,0.1,0.1,0.1,6603758411652679700.0,60,true,0.0,0.16029713110764887,0.00006280771771139,0.00003965302113706,1,5,-0.6,3.0
consensus,heterogeneous,12,3,3,0.1,0.6,0.0,0.1,false,0.05,0.1,0.1,0.1,7179043909987328000.0,60,true,0.0,0.1602971311076488,0.00006280771771139,0.00003965302113706,1,5,-0.6,3.0
consensus,heterogeneous,12,3,3,0.1,0.6,0.0,0.1,false,0.05,0.1,0.1,0.1,4210327001835109400.0,60,true,0.0,0.1602971311076488,0.00006280771771139,0.00003965302113706,1,5,-0.6,3.0
consensus,heterogeneous,12,3,3,0.1,0.6,0.0,0.1,false,0.05,0.1,0.1,0.1,4898716312282833900.0,60,true,0.0,0.1602971311076488,0.00006280771771139,0.00003965302113706,1,5,-0.6,3.0
consensus,heterogeneous,12,3,3,0.1,0.6,0.0,0.1,false,0.05,0.1,0.1,0.1,4725690850412381200.0,60,true,0.0,0.16029713110764887,0.00006280771771139,0.00003965302113706,1,5,-0.6,3.0
consensus,heterogeneous,12,3,3,0.1,0.6,0.0,0.1,false,0.05,0.1,0.1,0.1,5956375827241809900.0,65,true,0.0,0.16186895527968737,0.00003760530066307,0.00002374172850716,1,5,-0.6,3.0
consensus,unknown,54,0,0,0.1,0.2,0.8,0.3,false,0.0,0.0,0.1,0.05,599260260783050750.0,100,true,0.0,0.0,0.0,0.0,0,0,0.6000000000000001,0.0
consensus,unknown,54,0,0,0.1,0.2,0.8,0.3,false,0.0,0.0,0.1,0.05,3165118706031121400.0,100,true,0.0,0.0,0.0,0.0,0,0,0.6000000000000001,0.0
consensus,unknown,54,0,0,0.1,0.2,0.8,0.3,false,0.0,0.0,0.1,0.05,8151887465685377000.0,100,true,0.0,0.0,0.0,0.0,0,0,0.6000000000000001,0.0
consensus,unknown,54,0,0,0.1,0.2,0.8,0.3,false,0.0,0.0,0.1,0.05,5108037849753243600.0,100,true,0.0,0.0,0.0,0.0,0,0,0.6000000000000001,0.0
consensus,unknown,54,0,0,0.1,0.2,0.8,0.3,false,0.0,0.0,0.1,0.05,5576601392690618400.0,100,true,0.0,0.0,0.0,0.0,0,0,0.6000000000000001,0.0
consensus,unknown,54,0,0,0.1,0.2,0.8,0.3,false,0.0,0.0,0.1,0.05,7500710846097874900.0,100,true,0.0,0.0,0.0,0.0,0,0,0.6000000000000001,0.0
consensus,unknown,54,0,0,0.1,0.2,0.8,0.3,false,0.0,0.0,0.1,0.05,3413911939801646100.0,100,true,0.0,0.0,0.0,0.0,0,0,0.6000000000000001,0.0
consensus,unknown,54,0,0,0.1,0.2,0.8,0.3,false,0.0,0.0,0.1,0.05,3794282318118145000.0,100,true,0.0,0.0,0.0,0.0,0,0,0.6000000000000001,0.0
consensus,unknown,54,0,0,0.1,0.2,0.8,0.3,false,0.0,0.0,0.1,0.05,4432464224430073900.0,100,true,0.0,0.0,0.0,0.0,0,0,0.6000000000000001,0.0
consensus,unknown,54,0,0,0.1,0.2,0.8,0.3,false,0.0,0.0,0.1,0.05,6603758411652679700.0,100,true,0.0,0.0,0.0,0.0,0,0,0.6000000000000001,0.0
consensus,unknown,54,0,0,0.1,0.2,0.8,0.3,false,0.0,0.0,0.1,0.05,7179043909987328000.0,100,true,0.0,0.0,0.0,0.0,0,0,0.6000000000000001,0.0
consensus,unknown,54,0,0,0.1,0.2,0.8,0.3,false,0.0,0.0,0.1,0.05,4210327001835109400.0,100,true,0.0,0.0,0.0,0.0,0,0,0.6000000000000001,0.0
consensus,unknown,54,0,0,0.1,0.2,0.8,0.3,false,0.0,0.0,0.1,0.05,4898716312282833900.0,100,true,0.0,0.0,0.0,0.0,0,0,0.6000000000000001,0.0
consensus,unknown,54,0,0,0.1,0.2,0.8,0.3,false,0.0,0.0,0.1,0.05,5956375827241809900.0,100,true,0.0,0.0,0.0,0.0,0,0,0.6000000000000001,0.0
consensus,unknown,54,0,0,0.1,0.2,0.8,0.3,false,0.0,0.0,0.1,0.05,4725690850412381200.0,100,true,0.0,0.0,0.0,0.0,0,0,0.6000000000000001,0.0
consensus,unknown,49,0,0,0.2,0.5,0.8,0.2,false,0.0,0.2,0.3,0.1,5108037849753243600.0,100,true,0.0,0.0,0.0,0.0,0,0,0.30000000000000004,0.0
consensus,unknown,49,0,0,0.2,0.5,0.8,0.2,false,0.0,0.2,0.3,0.1,8151887465685377000.0,100,true,0.0,0.0,0.0,0.0,0,0,0.30000000000000004,0.0
consensus,unknown,49,0,0,0.2,0.5,0.8,0.2,false,0.0,0.2,0.3,0.1,3165118706031121400.0,100,true,0.0,0.0,0.0,0.0,0,0,0.30000000000000004,0.0
consensus,unknown,49,0,0,0.2,0.5,0.8,0.2,false,0.0,0.2,0.3,0.1,599260260783050750.0,100,true,0.0,0.0,0.0,0.0,0,0,0.30000000000000004,0.0
consensus,unknown,49,0,0,0.2,0.5,0.8,0.2,false,0.0,0.2,0.3,0.1,3794282318118145000.0,100,true,0.0,0.0,0.0,0.0,0,0,0.30000000000000004,0.0
consensus,unknown,49,0,0,0.2,0.5,0.8,0.2,false,0.0,0.2,0.3,0.1,7500710846097874900.0,100,true,0.0,0.0,0.0,0.0,0,0,0.30000000000000004,0.0
consensus,unknown,49,0,0,0.2,0.5,0.8,0.2,false,0.0,0.2,0.3,0.1,3413911939801646100.0,100,true,0.0,0.0,0.0,0.0,0,0,0.30000000000000004,0.0
consensus,unknown,49,0,0,0.2,0.5,0.8,0.2,false,0.0,0.2,0.3,0.1,5576601392690618400.0,100,true,0.0,0.0,0.0,0.0,0,0,0.30000000000000004,0.0
consensus,unknown,49,0,0,0.2,0.5,0.8,0.2,false,0.0,0.2,0.3,0.1,7179043909987328000.0,100,true,0.0,0.0,0.0,0.0,0,0,0.30000000000000004,0.0
consensus,unknown,49,0,0,0.2,0.5,0.8,0.2,false,0.0,0.2,0.3,0.1,4432464224430073900.0,100,true,0.0,0.0,0.0,0.0,0,0,0.30000000000000004,0.0
consensus,unknown,49,0,0,0.2,0.5,0.8,0.2,false,0.0,0.2,0.3,0.1,4210327001835109400.0,100,true,0.0,0.0,0.0,0.0,0,0,0.30000000000000004,0.0
consensus,unknown,49,0,0,0.2,0.5,0.8,0.2,false,0.0,0.2,0.3,0.1,6603758411652679700.0,100,true,0.0,0.0,0.0,0.0,0,0,0.30000000000000004,0.0
consensus,unknown,49,0,0,0.2,0.5,0.8,0.2,false,0.0,0.2,0.3,0.1,5956375827241809900.0,100,true,0.0,0.0,0.0,0.0,0,0,0.30000000000000004,0.0
consensus,unknown,49,0,0,0.2,0.5,0.8,0.2,false,0.0,0.2,0.3,0.1,4725690850412381200.0,100,true,0.0,0.0,0.0,0.0,0,0,0.30000000000000004,0.0
consensus,unknown,49,0,0,0.2,0.5,0.8,0.2,false,0.0,0.2,0.3,0.1,4898716312282833900.0,100,true,0.0,0.0,0.0,0.0,0,0,0.30000000000000004,0.0
